配信順,楽曲ID,楽曲名,読み仮名,見出し用,再生時間,楽曲定数,ユニット,MV,配信日,Ap配信日,Lv.Ea,Lv.No,Lv.Ha,Lv.Ex,Lv.Ma,Lv.Ap,,,,読み1,読み2,読み3,読み4,読み5,読み6,読み7,読み8,読み9,読み10,
1,1,Tell Your World,てるゆあわーるど,て,123.2,114,0_VS,3D,2020/09/30,,5,10,16,22,26,25,,,,,,,,,ｔ,てｌ,てっｌｙ,てっょうｒｗ,てっょうｒをｒｌｄ,
2,43,ネクストネスト,ねくすとねすと,ね,126.9,115,0_VS,-,2020/09/30,,6,13,18,27,30,,,,,ねくねく,,,,,,,,,,
3,47,メルト,めると,め,182.1,130,0_VS,-,2020/09/30,,7,12,17,25,29,,,,,,,,,,,,,,,
4,49,初音ミクの消失,はつねみくのしょうしつ,は,143.6,119,0_VS,-,2020/09/30,,9,15,22,30,35,,,,,しょうしつ,,,,,,,,,,
5,50,Blessing,ぶれっしんぐ,ふ,132.6,116,0_VS,原曲,2020/09/30,,5,11,16,23,27,,,,,,,,,,ｂｌ,ｂぇｓ,ｂぇっｓ,ｂぇっしｎ,ｂぇっしんｇ,
6,82,alive,あらいぶ,あ,118.1,112,0_VS,-,2020/09/30,,6,11,16,23,27,,,,,,,,,,あｌ,あぃｖ,あぃゔぇ,,,
7,2,ロキ,ろき,ろ,107,109,1_L/n,3D,2020/09/30,2024/12/11,7,11,17,24,29,28,,,,,,,,,,,,,,
8,3,テオ,てお,て,116.4,112,1_L/n,3D,2020/09/30,,9,14,19,27,32,,,,,,,,,,,,,,,
9,6,ヒバナ -Reloaded-,ひばなりろーでっど,ひ,95,105,1_L/n,2D,2020/09/30,,9,14,19,28,32,34,,,,,,,,,,,,,,
10,10,ハッピーシンセサイザ,はっぴーしんせさいざ,は,133,116,2_MMJ,2D/3D,2020/09/30,2025/02/07,6,11,18,24,28,29,,,,はぴしん,,,,,,,,,,
11,13,Nostalogic,のすたろじっく,の,120,113,2_MMJ,2D,2020/09/30,,6,12,17,23,29,,,,,,,,,,ｎ,のｓｔ,のｓたｌ,のｓたぉｇ,のｓたぉぎｃ,
12,71,ツギハギスタッカート,つぎはぎすたっかーと,つ,122.8,113,2_MMJ,3D,2020/09/30,,6,11,16,24,28,,,,,,,,,,,,,,,
13,26,劣等上等,れっとうじょうとう,れ,98.5,106,3_VBS,3D,2020/09/30,,7,12,18,25,30,,,,,,,,,,,,,,,
14,28,ドクター＝ファンクビート,どくたーふぁんくびーと,と,127.2,114,3_VBS,2D,2020/09/30,,8,13,19,27,32,,,,,どくふぁん,,,,,,,,,,
15,69,フラジール,ふらじーる,ふ,124,114,3_VBS,2D/3D,2020/09/30,,6,11,17,24,28,,,,,,,,,,,,,,,
16,38,ブリキノダンス,ぶりきのだんす,ふ,99.6,107,4_WxS,3D,2020/09/30,,8,13,18,25,30,,,,,,,,,,,,,,,
17,41,スイートマジック,すいーとまじっく,す,149,121,4_WxS,2D/3D,2020/09/30,2024/07/31,5,12,18,24,27,25,,,,すいまじ,すいいとまじっく,,,,,,,,,
18,78,ぼうけんのしょがきえました！,ぼうけんのしょがきえました,ほ,110.6,110,4_WxS,原曲/2D,2020/09/30,,8,13,19,26,31,,,,,,,,,,,,,,,
19,19,シャルル,しゃるる,し,104.3,108,5_25,3D,2020/09/30,,6,11,17,23,28,28,,,,,,,,,,,,,,
20,66,ハロ／ハワユ,はろはわゆ,は,146.7,120,5_25,-,2020/09/30,,5,10,15,22,27,,,,,,,,,,,,,,,
21,67,自傷無色,じしょうむしょく,し,104,108,5_25,2D/3D,2020/09/30,,5,10,17,22,26,,,,,,,,,,,,,,,
22,63,needLe,にーどる,に,114.8,111,1_L/n,3D,2020/09/30,,7,12,17,25,29,,,,,にいどる,,,,,ｎ,ねえｄｌ,ねえｄぇ,,,
23,57,アイドル新鋭隊,あいどるしんえいたい,あ,106,110,2_MMJ,3D,2020/09/30,,8,12,17,24,29,,,,,しんえいたい,,,,,,,,,,
24,54,Ready Steady,れでぃすてでぃ,れ,92.2,105,3_VBS,3D,2020/09/30,,5,10,16,25,29,,,,,れでぃすて,れですて,ｒｓ,,,ｒ,れあｄｙｓｔ,れあｄｙｓてあｄｙ,,,
25,51,セカイはまだ始まってすらいない,せかいはまだはじまってすらいない,せ,121.7,113,4_WxS,3D,2020/09/30,,6,13,16,24,29,,,,,せかはじ,,,,,,,,,,
26,60,悔やむと書いてミライ,くやむとかいてみらい,く,100.7,107,5_25,3D,2020/09/30,,8,13,17,26,30,,,,,くやみら,,,,,,,,,,
27,76,セカイ,せかい,せ,111.9,110,9_oth,3D,2020/09/30,,6,12,18,23,27,,,,,,,v,,,,,,,,
28,77,ワーワーワールド,わーわーわーるど,わ,109.1,110,9_oth,3D,2020/09/30,,7,12,17,24,29,,,,,わわわ,わあわあわあるど,,,,,,,,,
29,18,アスノヨゾラ哨戒班,あすのよぞらしょうかいはん,あ,128,114,1_L/n,原曲,2020/10/01,,8,12,17,25,29,,,,,,,,,,,,,,,
30,73,ニア,にあ,に,116.2,112,2_MMJ,3D,2020/10/02,,6,11,16,22,27,,,,,,,,,,,,,,,
31,27,Just Be Friends,じゃすとびーふれんず,し,132.6,116,3_VBS,2D,2020/10/03,,6,11,17,23,28,,,,,じゃすびーふれんず,ｊｂｆ,,,,ｊ,じゅｓｔｂ,じゅｓｔべｆｒ,じゅｓｔべｆりえｎ,じゅｓｔべｆりえんｄｓ,
32,21,脱法ロック,だっぽうろっく,た,121.7,113,4_WxS,原曲,2020/10/04,,7,13,18,26,31,,,,,,,,,,,,,,,
33,22,命に嫌われている,いのちにきらわれている,い,99.7,106,5_25,2D,2020/10/05,,9,14,18,26,30,,,,,,,,,,,,,,,
34,48,ワールドイズマイン,わーるどいずまいん,わ,170.8,128,0_VS,-,2020/10/06,,7,13,17,24,29,,,,,わいずまん,わあるどいずまいん,,,,,,,,,
35,68,ダンスロボットダンス,だんすろぼっとだんす,た,101.9,108,4_WxS,2D/3D,2020/10/07,,8,13,18,26,30,,,,,だんろぼ,,,,,,,,,,
36,44,Hand in Hand,はんどいんはんど,は,123.7,114,0_VS,原曲,2020/10/08,2024/04/19,6,13,16,23,28,28,,,,,,,,,ｈ,はｎ,はんｄ,はんぢｎ,はんぢんｈ,
37,81,夜咄ディセイブ,よばなしでぃせいぶ,よ,140,119,3_VBS,原曲,2020/10/09,,8,14,19,26,30,,,,,でぃせいぶ,,,,,,,,,,
38,83,Gimme×Gimme,ぎみぎみ,き,134.9,117,0_VS,-,2020/10/10,,6,11,18,26,29,,,,,じみじみ,ぎみぎみ,,,,ｇ,ぎｍ,ぎっｍ,ぎっめ,ぎっめｇ,
39,11,ビバハピ,びばはぴ,ひ,94,106,2_MMJ,2D,2020/10/11,,6,12,17,24,29,,,,,,,,,,,,,,,
40,84,ジャンキーナイトタウンオーケストラ,じゃんきーないとたうんおーけすとら,し,142.3,118,0_VS,-,2020/10/12,,6,13,18,26,31,,,,,ないとたうん,おーけすとら,,,,,,,,,
41,36,ミラクルペイント,みらくるぺいんと,み,146.2,120,4_WxS,原曲/2D,2020/10/13,,9,12,18,25,30,,,,,みらぺ,,,,,,,,,,
42,86,on the rocks,おんざろっくす,お,132.8,116,0_VS,-,2020/10/14,,7,11,16,23,27,,,,,,,,,,おｎ,おんｔｈ,おんてぇｒ,おんてぇろｃｋｓ,,
43,61,携帯恋話,けいたいれんわ,け,139.1,118,5_25,2D,2020/10/15,,8,12,18,25,29,,,,,,,,,,,,,,,
44,45,39みゅーじっく！,さんきゅーみゅーじっく,さ,119.1,113,0_VS,原曲,2020/10/16,,6,11,16,23,28,,,,,さんじゅうきゅう,さんきゅう,,,,,,,,,
45,93,青く駆けろ！,あおくかけろ,あ,116.9,113,1_L/n,-,2020/10/17,,8,13,17,24,27,30,,,,あおかけ,,,,,,,,,,
46,64,ステラ,すてら,す,133.1,116,1_L/n,3D,2020/10/18,,8,13,17,26,30,31,,,,,,,,,,,,,,
47,85,Leia - Remind,れいありまいんど,れ,130.6,116,0_VS,-,2020/10/19,,9,13,18,25,29,,,,,,,,,,ｌ,ぇいあｒ,ぇいあれｍ,ぇいあれみｎ,ぇいあれみんｄ,
48,62,ジャックポットサッドガール,じゃっくぽっとさっどがーる,し,83.5,103,5_25,原曲/2D,2020/10/20,,9,13,18,26,29,,,,,じゃくぽ,,,,,,,,,,
49,70,メルティランドナイトメア,めるてぃらんどないとめあ,め,118,111,2_MMJ,3D,2020/10/25,,6,12,17,24,27,,,,,,,,,,,,,,,
50,92,乙女解剖,おとめかいぼう,お,111,110,5_25,原曲/2D,2020/11/01,,5,12,16,24,28,,,,,,,,,,,,,,,
51,52,potatoになっていく,ぽてとになっていく,ほ,107.6,109,4_WxS,2D/3D,2020/11/07,,5,11,17,24,29,25,,,,,,,,,ｐ,ぽｔ,ぽたｔ,ぽたとになっていく,,
52,113,ローリンガール,ろーりんがーる,ろ,120.9,114,0_VS,-,2020/11/14,,8,12,18,26,31,,,,,ろおりんがある,,,,,,,,,,
53,99,モア！ジャンプ！モア！,もあじゃんぷもあ,も,123.6,115,2_MMJ,2D,2020/11/19,,9,13,18,26,31,30,,,,もじも,,,,,,,,,,
54,114,裏表ラバーズ,うらおもてらばーず,う,110.5,110,0_VS,-,2020/11/21,,8,12,18,26,30,,,,,,,,,,,,,,,
55,115,アンノウン・マザーグース,あんのうんまざーぐーす,あ,136.7,118,0_VS,-,2020/11/23,,8,12,17,26,30,,,,,まざーぐーす,,,,,,,,,,
56,108,愛されなくても君がいる,あいされなくてもきみがいる,あ,140.1,119,0_VS,原曲,2020/11/30,,7,12,16,23,27,,,,,あいきみ,,,,,,,,,,
57,75,ウミユリ海底譚,うみゆりかいていたん,う,102.8,108,1_L/n,2D/3D,2020/12/01,,6,13,17,23,28,,,,,,,,,,,,,,,
58,55,Forward,ふぉわーど,ふ,114.9,111,3_VBS,2D/3D,2020/12/08,,6,11,16,24,28,,,,,,,,,,ｆ,ふぉｒｗ,ふぉｒわｒｄ,,,
59,74,独りんぼエンヴィー,ひとりんぼえんヴぃー,ひ,74.9,100,5_25,2D/3D,2020/12/14,,6,11,16,22,26,,,,,えび,えんゔぃー,えんゔぃい,えんびー,えんびい,,,,,,
60,103,ニジイロストーリーズ,にじいろすとーりーず,に,121.6,113,4_WxS,2D,2020/12/20,,9,13,18,25,29,,,,,にじすと,,,,,,,,,,
61,117,ODDS＆ENDS,おっずあんどえんず,お,93.8,106,0_VS,-,2020/12/24,,8,12,18,24,29,,,,,おずえん,,,,,おｄ,おっｄｓ,おっｄさｎ,おっｄさんｄ,おっｄさんでｎ,
62,91,ドラマツルギー,どらまつるぎー,と,95.1,105,1_L/n,原曲,2020/12/28,,7,12,17,25,29,,,,,,,,,,,,,,,
63,46,グリーンライツ・セレナーデ,ぐりーんらいつせれなーで,く,125.4,114,0_VS,原曲,2020/12/29,,9,14,19,27,31,,,,,せれなーで,,,,,,,,,,
64,87,恋愛裁判,れんあいさいばん,れ,132.6,116,2_MMJ,原曲/2D,2020/12/30,,6,12,17,22,28,,,,,,,,,,,,,,,
65,118,＊ハロー、プラネット。,はろーぷらねっと,は,117.9,112,0_VS,原曲,2020/12/31,,6,10,17,24,29,,,,,はろぷら,はろおぷらねっと,,,,,,,,,
66,110,千本桜,せんぼんざくら,せ,124.1,114,0_VS,-,2021/01/01,,7,14,20,26,32,,,,,,,,,,,,,,,
67,100,ECHO,えこー,え,99.3,106,3_VBS,2D,2021/01/02,,6,12,16,23,26,,,,,えこお,,,,,えｃｈ,えちょ,,,,
68,88,チュルリラ・チュルリラ・ダッダッダ！,ちゅるりらちゅるりらだっだっだ,ち,143.4,119,4_WxS,2D/3D,2021/01/03,,9,13,18,26,31,,,,,,,,,,,,,,,
69,72,ブレス・ユア・ブレス,ぶれすゆあぶれす,ふ,94.9,104,0_VS,原曲,2021/01/04,,7,13,17,24,29,,,,,ぶれぶれ,,,,,,,,,,
70,94,とても痛い痛がりたい,とてもいたいいたがりたい,と,113.4,111,5_25,-,2021/01/05,,6,13,18,23,28,,,,,いたい,,,,,,,,,,
71,97,霽れを待つ,はれをまつ,は,114.3,111,1_L/n,2D,2021/01/10,,7,12,17,26,31,,,,,はれまつ,,,,,,,,,,
72,119,ワールズエンド・ダンスホール,わーるずえんどだんすほーる,わ,102.5,108,0_VS,-,2021/01/14,,7,12,18,26,30,,,,,わだ,わあるずえんどだんすほおる,だんすほーる,だんすほおる,,,,,,,
73,109,ヒビカセ,ひびかせ,ひ,115.2,111,0_VS,原曲,2021/01/18,,7,12,17,25,28,,,,,,,,,,,,,,,
74,89,Color of Drops,からーおぶどろっぷす,か,114.1,111,2_MMJ,3D,2021/01/29,2024/05/09,6,12,16,23,28,26,,,,こｄ,cod,,,,ｃ,こｌ,こぉｒ,こぉろｆｄｒ,こぉろｆｄろｐｓ,
75,101,RAD DOGS,らっどどっぐす,ら,140.2,119,3_VBS,2D,2021/01/31,,6,12,18,26,30,,,,,らどど,,,,,ｒ,らｄ,らっｄ,らっどｇｓ,,
76,107,ミルククラウン・オン・ソーネチカ,みるくくらうんおんそーねちか,み,134.9,114,2_MMJ,2D,2021/02/06,,7,13,18,26,30,,,,,みるくら,,,,,,,,,,
77,8,タイムマシン,たいむましん,た,124.5,114,1_L/n,2D/3D,2021/02/10,,6,11,16,23,27,,,,,,,,,,,,,,,
78,15,drop pop candy,どろっぷぽっぷきゃんでぃ,と,106,108,3_VBS,3D,2021/02/15,,6,12,17,25,29,,,,,どろぽ,ｄｐｃ,,,,ｄｒ,ｄろｐ,ｄろっｐ,ｄろっぽｐｃ,,
79,122,ポジティブ☆ダンスタイム,ぽじてぃぶだんすたいむ,ほ,116,112,4_WxS,2D,2021/02/19,,9,14,18,26,31,,,,,ぽじだん,,,,,,,,,,
80,128,Brand New Day,ぶらんどにゅーでい,ふ,131.1,116,0_VS,-,2021/02/22,,9,14,19,28,32,35,,,,ｂんｄ,bnd,,,,ｂｒ,ｂらｎ,ｂらんｄｎ,ｂらんｄねｗｄ,ｂらんｄねｗだｙ,
81,90,限りなく灰色へ,かぎりなくはいいろへ,か,121.7,113,5_25,3D,2021/02/26,,6,12,18,26,31,,,,,はいいろ,,,,,,,,,,
82,105,ワンスアポンアドリーム,わんすあぽんあどりーむ,わ,112.8,112,4_WxS,2D,2021/02/28,2025/01/21,6,11,16,22,28,28,,,,わんあぽ,,,,,,,,,,
83,125,ボッカデラベリタ,ぼっかでらべりた,ほ,116.9,112,5_25,2D,2021/03/06,,7,13,18,25,29,,,,,,,,,,,,,,,
84,124,みくみくにしてあげる♪【してやんよ】,みくみくにしてあげるしてやんよ,み,100.9,110,0_VS,-,2021/03/09,2024/03/09,7,12,17,24,28,29,,,,,,,,,,,,,,
85,95,威風堂々,いふうどうどう,い,145,120,3_VBS,2D/3D,2021/03/15,,6,12,17,24,28,29,,,,,,,,,,,,,,
86,96,from Y to Y,ふろむわいとぅわい,ふ,155.5,123,1_L/n,-,2021/03/22,,5,11,16,24,27,,,,,,,,,,ｆｒ,ｆろｍｙｔ,ｆろｍｙとｙ,,,
87,131,初音ミクの激唱,はつねみくのげきしょう,は,160.5,124,0_VS,-,2021/03/30,,9,14,20,30,34,,,,,げきしょう,,,,,,,,,,
88,112,天使のクローバー,てんしのくろーばー,て,118.4,113,2_MMJ,3D,2021/03/30,,9,13,17,27,31,,,,,てんくろ,,,,,,,,,,
89,106,お気に召すまま,おきにめすまま,お,112.5,110,4_WxS,3D,2021/04/05,,6,12,18,24,29,,,,,めすまま,,,,,,,,,,
90,123,どりーみんチュチュ,どりーみんちゅちゅ,と,140.2,119,2_MMJ,原曲/2D,2021/04/12,,6,13,17,23,27,,,,,ちゅちゅ,どりいみんちゅちゅ,,,,,,,,,
91,116,アイディスマイル,あいでぃすまいる,あ,135.1,118,5_25,2D/3D,2021/04/19,,7,12,17,25,28,26,,,,あいすま,,,,,,,,,,
92,132,「１」,いち,い,98.2,107,1_L/n,2D,2021/04/21,2025/01/31,8,13,16,23,27,28,,,,１,,,,,,,,,,
93,137,花を唄う,はなをうたう,は,110.7,110,0_VS,-,2021/04/26,,6,12,19,25,30,,,,,はなうた,,,,,,,,,,
94,139,夜に駆ける,よるにかける,よ,139,118,5_25,-,2021/05/01,,6,11,18,25,30,,,,,,,,,,,,,,,
95,102,幽霊東京,ゆうれいとうきょう,ゆ,133.1,117,3_VBS,-,2021/05/03,,7,13,17,24,27,,,,,,,,,,,,,,,
96,126,シネマ,しねま,し,106.5,108,3_VBS,2D/3D,2021/05/08,,6,12,18,24,29,29,,,,しっく,,,,,,,,,,
97,138,KING,きんぐ,き,135.2,117,4_WxS,2D,2021/05/17,2024/04/30,7,14,19,25,30,28,,,,,,,,,ｋ,きｎ,きんｇ,,,
98,144,アイノマテリアル,あいのまてりある,あ,124,120,2_MMJ,2D,2021/05/21,,6,11,16,22,26,,,,,あいまて,,,,,,,,,,
99,120,いかないで,いかないで,い,115.7,112,1_L/n,3D,2021/05/28,2024/07/09,8,13,18,25,29,27,,,,,,,,,,,,,,
100,121,ロミオとシンデレラ,ろみおとしんでれら,ろ,114.7,111,2_MMJ,3D,2021/06/07,,7,12,17,24,28,,,,,ろみしん,,,,,,,,,,
101,151,泡沫未来,うたかたみらい,う,104.3,108,0_VS,-,2021/06/14,2024/06/30,8,12,17,25,30,30,,,,ほうまつ,,,,,,,,,,
102,127,トンデモワンダーズ,とんでもわんだーず,と,124.4,114,4_WxS,2D/3D,2021/06/19,,9,14,19,27,32,33,,,,とんわん,,,,,,,,,,
103,149,カナデトモスソラ,かなでともすそら,か,114.7,111,5_25,2D,2021/06/21,2024/12/20,6,11,15,22,26,24,,,,,,,,,,,,,,
104,143,トラフィック・ジャム,とらふぃっくじゃむ,と,129.8,116,3_VBS,原曲/2D,2021/06/30,,6,13,18,24,28,,,,,,,,,,,,,,,
105,130,フロムトーキョー,ふろむとーきょー,ふ,99.7,106,1_L/n,3D,2021/07/07,,6,12,18,24,28,,,,,,,,,,,,,,,
106,156,Beat Eater,びーといーたー,ひ,99.9,107,3_VBS,2D,2021/07/09,2024/05/22,6,11,17,25,29,28,,,,びいといいたあ,,,,,ｂ,べあｔ,べあてあｔ,べあてあてｒ,,
107,135,六兆年と一夜物語,ろくちょうねんといちやものがたり,ろ,123.6,114,1_L/n,2D,2021/07/12,,9,14,20,29,35,,,,,,,,,,,,,,,
108,154,地球最後の告白を,ちきゅうさいごのこくはくを,ち,128,115,2_MMJ,2D,2021/07/19,,8,13,18,25,31,32,,,,,,,,,,,,,,
109,129,ビターチョコデコレーション,びたーちょこでこれーしょん,ひ,128.7,115,5_25,2D/3D,2021/07/28,,7,12,19,25,32,,,,,びたちょこ,びたあちょこでこれえしょん,,,,,,,,,
110,165,そうだった！！,そうだった,そ,127.2,115,0_VS,-,2021/08/06,,8,14,19,27,31,,,,,,,,,,,,,,,
111,171,カゲロウデイズ,かげろうでいず,か,143.5,120,1_L/n,-,2021/08/15,2024/08/16,9,14,19,27,31,33,,,,,,,,,,,,,,
112,140,アイスドロップ,あいすどろっぷ,あ,106.4,109,2_MMJ,3D,2021/08/18,,7,12,18,24,27,,,,,あいどろ,,,,,,,,,,
113,166,Glory Steady Go!,ぐろーりーすてでぃごー,く,99,106,4_WxS,2D,2021/08/20,,7,12,18,25,30,,,,,ぐろすて,ｇｓｇ,,,,ｇｌ,ｇぉｒｙｓｔ,ｇぉｒｙｓてあｄｙｇ,ｇぉｒｙｓてあｄｙご,,
114,136,チルドレンレコード,ちるどれんれこーど,ち,128,115,3_VBS,3D,2021/08/23,,9,14,19,27,32,,,,,ちるれこ,,,,,,,,,,
115,161,magic number,まじっくなんばー,ま,111,111,0_VS,2D,2021/09/01,,6,11,18,25,30,,,,,,,,,,ｍ,まｇ,まぎｃｎ,まぎｃぬｍｂ,まぎｃぬｍｂ,
116,173,流星のパルス,りゅうせいのぱるす,り,121.6,113,1_L/n,2D,2021/09/10,,8,13,17,25,31,,,,,ぱるす,,,,,,,,,,
117,111,カトラリー,かとらりー,か,111.2,110,5_25,原曲/2D,2021/09/21,,5,12,18,25,29,,,,,かとらりい,,,,,,,,,,
118,142,再生,さいせい,さ,102.7,108,5_25,3D,2021/09/29,,5,11,15,22,26,,,,,,,,,,,,,,,
119,141,群青讃歌,ぐんじょうさんか,く,99,107,9_oth,2D/3D,2021/09/30,2025/02/26,7,13,17,24,27,29,,,,,,,,,,,,,,
120,179,炉心融解,ろしんゆうかい,ろ,123.8,114,0_VS,-,2021/10/01,,7,12,17,24,27,,,,,,,,,,,,,,,
121,98,ロストワンの号哭,ろすとわんのごうこく,ろ,107.8,109,1_L/n,2D/3D,2021/10/02,,7,14,19,26,33,,,,,,,,,,,,,,,
122,176,マシンガンポエムドール,ましんがんぽえむどーる,ま,140.5,118,0_VS,2D,2021/10/03,,9,14,23,31,35,,,,,,,,,,,,,,,
123,145,ベノム,べのむ,へ,128.7,115,5_25,-,2021/10/04,,7,13,18,26,29,,,,,,,,,,,,,,,
124,175,拝啓ドッペルゲンガー,はいけいどっぺるげんがー,は,155.2,123,0_VS,-,2021/10/05,,9,13,19,28,32,,,,,どっぺるげんがー,,,,,,,,,,
125,134,テレキャスタービーボーイ,てれきゃすたーびーぼーい,て,98,106,4_WxS,原曲/2D,2021/10/06,,8,13,18,25,29,31,,,,,,,,,,,,,,
126,150,トキヲ・ファンカ,ときをふぁんか,と,107.6,109,0_VS,原曲,2021/10/07,2024/03/29,6,11,18,25,28,29,,,,ときおふぁんか,,,,,,,,,,
127,133,悪魔の踊り方,あくまのおどりかた,あ,117.8,112,3_VBS,2D/3D,2021/10/08,,5,12,19,26,31,,,,,,,,,,,,,,,
128,152,だれかの心臓になれたなら,だれかのしんぞうになれたら,た,117.2,112,0_VS,原曲,2021/10/09,,7,12,18,25,29,,,,,,,,,,,,,,,
129,157,マシュマリー,ましゅまりー,ま,133.2,117,2_MMJ,2D,2021/10/10,,8,11,18,26,29,,,,,,,,,,,,,,,
130,177,右肩の蝶,みぎかたのちょう,み,132.5,116,0_VS,-,2021/10/11,,6,12,18,25,31,,,,,,,,,,,,,,,
131,148,ray,れい,れ,131,116,1_L/n,2D/3D,2021/10/12,,6,12,16,24,26,,,,,,,,,,ｒ,らｙ,,,,
132,184,"Hello,world!",はろーわーるど,は,100.7,107,1_L/n,2D,2021/10/13,,9,13,17,25,29,,,,,はろわ,はろおわあるど,,,,ｈ,へｌ,へっｌ,へっぉｗ,へっぉをｒｌｄ,
133,185,しっくおぶはうす！,しっくおぶはうす,し,141.8,119,0_VS,-,2021/10/22,,7,13,17,26,30,,,,,,,,,,,,,,,
134,160,ショウタイム・ルーラー,しょうたいむるーらー,し,108.9,110,4_WxS,3D,2021/10/29,,9,13,19,25,31,,,,,るーらー,るうらあ,,,,,,,,,
135,172,Happy Halloween,はっぴーはろうぃん,は,123.5,114,2_MMJ,原曲,2021/10/30,,5,12,16,25,31,26,,,,はぴはろ,,,,,ｈ,はｐ,はっｐｙｈ,はっｐｙはｌ,はっｐｙはっｌ,
136,187,ロウワー,ろうわー,ろ,107.8,109,5_25,2D,2021/10/31,2024/05/31,6,12,17,26,31,30,,,,,,,,,,,,,,
137,186,初音天地開闢神話,はつねてんちかいびゃくしんわ,は,182.4,130,0_VS,原曲,2021/11/05,,9,14,20,28,33,,,,,てんち,ちくわ,,,,,,,,,
138,167,オルターエゴ,おるたーえご,お,152.1,121,3_VBS,2D,2021/11/10,,8,12,17,26,31,,,,,,,,,,,,,,,
139,159,STAGE OF SEKAI,すてーじおぶせかい,す,121.6,113,1_L/n,2D/3D,2021/11/18,,8,12,17,25,30,,,,,そｓ,sos,すてせか,,,ｓｔ,ｓたｇ,ｓたげおｆｓ,ｓたげおｆせｋ,ｓたげおｆせかい,
140,147,からくりピエロ,からくりぴえろ,か,138.3,118,2_MMJ,2D/3D,2021/11/29,,5,11,16,23,27,,,,,,,,,,,,,,,
141,193,ワールドワイドワンダー,わーるどわいどわんだー,わ,97.2,106,2_MMJ,2D,2021/12/10,2024/10/31,6,13,18,24,28,29,,,,わわわ,わあるどわいどわんだあ,,,,,,,,,
142,190,悪ノ娘,あくのむすめ,あ,91.5,105,0_VS,-,2021/12/13,,6,12,17,24,27,,,,,むすめ,,,,,,,,,,
143,191,悪ノ召使,あくのめしつかい,あ,94.1,105,0_VS,-,2021/12/14,,6,12,17,24,27,,,,,めしつかい,,,,,,,,,,
144,192,去り人達のワルツ,さりびとたちのわるつ,さ,99.8,107,0_VS,-,2021/12/15,,8,13,17,23,28,,,,,わるつ,,,,,,,,,,
145,197,ラストスコア,らすとすこあ,ら,142.7,116,0_VS,-,2021/12/20,,7,13,18,26,30,,,,,,,,,,,,,,,
146,183,フィクサー,ふぃくさー,ふ,122.8,114,4_WxS,2D,2021/12/28,,6,12,19,26,32,,,,,,,,,,,,,,,
147,180,ミライ,みらい,み,158.8,124,3_VBS,2D/3D,2021/12/29,,6,12,18,24,28,,,,,,,,,,,,,,,
148,199,ゴーストルール,ごーすとるーる,こ,142.1,120,1_L/n,-,2021/12/30,,9,14,19,27,33,,,,,ごおすとるうる,,,,,,,,,,
149,170,ヴィラン,ヴぃらん,う,150.1,121,5_25,2D/3D,2021/12/31,,6,13,18,25,29,,,,,,,,,,,,,,,
150,104,サンドリヨン 10th Anniversary,さんどりよんてんすあにばーさりー,さ,117.6,112,0_VS,-,2022/01/01,,6,12,17,25,29,,,,,,,,,,,,,,,
151,169,少女レイ,しょうじょれい,し,159.7,124,2_MMJ,2D/3D,2022/01/02,2024/07/31,7,14,17,24,27,27,,,,,,,,,,,,,,
152,200,ガランド,がらんど,か,130.7,119,3_VBS,-,2022/01/03,,7,13,18,24,28,,,,,,,,,,,,,,,
153,162,エンドマークに希望と涙を添えて,えんどまーくにきぼうとなみだをそえて,え,141.5,119,9_oth,原曲,2022/01/08,,9,15,23,31,35,,,,,えんどまあく,,,,,,,,,,
154,163,the EmpErroR,じえんぺらー,し,126.5,115,9_oth,原曲,2022/01/09,,9,15,23,31,36,,,,,えんぺらー,えんぺらあ,,,,ｔｈ,てぇえｍｐ,てぇえｍぺｒ,てぇえｍぺっｒ,てぇえｍぺっろｒ,
155,164,Don't Fight The Music,どんとふぁいとざみゅーじっく,と,160.1,124,9_oth,-,2022/01/10,,9,15,23,30,35,,,,,どんふぁい,,,,,ｄ,どｎ,どんｔｆ,どんｔふぃｇｈｔ,どんｔふぃｇｈっｔｈ,
156,178,にっこり^^調査隊のテーマ,にっこりちょうさたいのてーま,に,125.7,114,4_WxS,3D,2022/01/19,,8,12,18,27,31,,,,,ちょうさたい,,,,,,,,,,
157,203,トリコロージュ,とりころーじゅ,と,125.1,114,5_25,2D,2022/01/21,,7,13,18,24,28,,,,,とりころおじゅ,,,,,,,,,,
158,155,心拍数♯0822,しんぱくすうしゃーぷぜろはちにーにー,し,123.2,114,1_L/n,2D,2022/01/24,,5,11,16,23,27,,,,,,,,,,,,,,,
159,204,うっせぇわ,うっせぇわ,う,136.2,118,5_25,原曲,2022/01/31,,8,12,17,24,28,,,,,,,,,,,,,,,
160,205,踊,おど,お,141.1,119,3_VBS,原曲,2022/02/04,,6,13,18,26,29,,,,,,,,,,,,,,,
161,206,君色マリンスノウ,きみいろまりんすのう,き,151.8,124,0_VS,原曲,2022/02/05,,9,14,19,28,31,,,,,まりんすのう,,,,,,,,,,
162,181,愛して愛して愛して,あいしてあいしてあいして,あ,130,116,5_25,2D/3D,2022/02/07,,5,12,16,25,28,,,,,,,,,,,,,,,
163,182,Flyer!,ふらいやー,ふ,122.9,114,3_VBS,2D/3D,2022/02/16,2024/09/10,9,12,18,24,29,30,,,,,,,,,ｆｌｙ,ｆぇｒ,,,,
164,207,Peaky Peaky,ぴーきーぴーきー,ひ,105.5,109,1_L/n,2D,2022/02/18,,6,12,18,25,28,,,,,ぴきぴき,ぴいきいぴいきい,っｐ,pp,,ｐ,ぺあｋｙｐ,ぺあｋｙぺあｋｙ,,,
165,215,ジウダス,じうだす,し,102.6,107,0_VS,-,2022/02/21,,7,12,18,25,28,,,,,,,,,,,,,,,
166,158,ナンセンス文学,なんせんすぶんがく,な,131.8,116,4_WxS,原曲/2D,2022/02/24,,7,11,18,25,29,,,,,,,,,,,,,,,
167,188,心予報,こころよほう,こ,133.5,116,2_MMJ,原曲/2D,2022/03/02,2024/02/09,6,12,18,24,28,28,,,,しんよほう,,,,,,,,,,
168,208,僕らまだアンダーグラウンド,ぼくらまだあんだーぐらうんど,ほ,122,113,1_L/n,原曲/2D,2022/03/04,,7,12,18,25,28,,,,,あんだーぐらうんど,,,,,,,,,,
169,153,Miku,みく,み,155.6,123,0_VS,3D,2022/03/09,,6,12,17,24,29,,,,,,,,,,ｍ,みｋ,みく,,,
170,209,メタモリボン,めたもりぼん,め,103.9,108,2_MMJ,2D,2022/03/11,,5,11,16,23,26,,,,,,,,,,,,,,,
171,174,いーあるふぁんくらぶ,いーあるふぁんくらぶ,い,125.8,114,4_WxS,2D/3D,2022/03/14,2024/09/20,6,12,17,24,28,26,,,,いいあるふぁんくらぶ,,,,,,,,,,
172,210,雨とペトラ,あめとぺとら,あ,125.3,114,3_VBS,-,2022/03/22,,9,12,18,25,29,,,,,あめぺと,ぺとら,,,,,,,,,
173,189,ノマド,のまど,の,91.7,105,5_25,3D,2022/03/28,,5,11,16,23,26,,,,,,,,,,,,,,,
174,221,マトリョシカ,まとりょしか,ま,106,109,0_VS,原曲,2022/03/30,,9,13,18,25,30,,,,,,,,,,,,,,,
175,220,ドーナツホール 2024,どーなつほーるにせんにじゅうよん,と,138.2,118,0_VS,原曲,2022/03/31,2024/12/27,9,14,18,25,29,33,,,,どおなつほおる,,,,,,,,,,
176,219,砂の惑星,すなのわくせい,す,134,117,0_VS,原曲,2022/04/01,,5,11,16,23,27,,,,,,,,,,,,,,,
177,216,ルカルカ★ナイトフィーバー,るかるかないとふぃーばー,る,139.2,118,0_VS,-,2022/04/02,,7,13,18,25,29,,,,,,,,,,,,,,,
178,222,ピアノ×フォルテ×スキャンダル,ぴあのふぉるてすきゃんだる,ひ,132.1,116,0_VS,-,2022/04/03,,6,11,18,26,30,,,,,,,,,,,,,,,
179,223,千年の独奏歌,せんねんのどくそうか,せ,151.7,122,0_VS,-,2022/04/04,,5,11,16,23,27,,,,,どくそうか,,,,,,,,,,
180,224,88☆彡,はちじゅうはち,は,127.3,115,4_WxS,2D,2022/04/11,2024/08/09,9,13,18,26,29,32,,,,はちはち,８８,,,,,,,,,
181,227,ONESELF,わんせるふ,わ,128.9,115,0_VS,-,2022/04/15,2025/02/28,7,14,18,27,30,33,,,,,,,,,おｎ,おねｓ,おねせｌｆ,,,
182,195,PaⅢ.SENSATION,ぱっしょねーとすりーどっとせんせーしょん,は,133.7,117,3_VBS,2D/3D,2022/04/18,,8,12,17,24,29,,,,,せんせーしょん,せんせえしょん,,,,ｐ,ぱ,ｓ,せｎ,せんｓ,
183,168,ダーリンダンス,だーりんだんす,た,102.6,108,2_MMJ,2D,2022/04/25,,7,12,17,25,30,,,,,だありんだんす,,,,,,,,,,
184,196,オーダーメイド,おーだーめいど,お,125.3,114,1_L/n,3D,2022/04/28,,5,11,16,21,26,,,,,おおだあめいど,,,,,,,,,,
185,231,アイデンティティ,あいでんてぃてぃ,あ,156.8,123,9_oth,2D,2022/05/01,,9,13,18,26,31,,,,,,,,,,,,,,,
186,232,青色絵具,あおいろえのぐ,あ,156.3,123,9_oth,2D,2022/05/02,,6,12,16,24,27,,,,,,,,,,,,,,,
187,233,コスモスパイス,こすもすぱいす,こ,129.5,115,9_oth,2D,2022/05/03,,7,12,17,25,31,,,,,,,,,,,,,,,
188,234,徳川カップヌードル禁止令,とくがわかっぷぬーどるきんしれい,と,127.8,115,9_oth,2D,2022/05/04,,8,13,19,27,31,,,,,かっぷぬーどる,かっぷぬうどる,,,,,,,,,
189,230,サラマンダー,さらまんだー,さ,157.5,123,9_oth,2D,2022/05/05,,8,12,18,25,30,,,,,さらまんだあ,,,,,,,,,,
190,211,イフ,いふ,い,130.3,116,2_MMJ,2D/3D,2022/05/08,,6,12,18,23,27,,,,,,,,,,,,,,,
191,238,ブラック★ロックシューター,ぶらっくろっくしゅーたー,ふ,115.4,111,0_VS,原曲,2022/05/10,,7,12,16,24,27,,,,,ぶらっくろっくしゅうたあ,,,,,,,,,,
192,194,妄想感傷代償連盟,もうそうかんしょうだいしょうれんめい,も,141.3,119,5_25,原曲/2D,2022/05/13,2024/11/08,7,12,16,23,27,26,,,,,,,,,,,,,,
193,146,リモコン,りもこん,り,133.2,117,4_WxS,-,2022/05/16,,7,12,17,24,29,,,,,,,,,,,,,,,
194,239,月光,げっこう,け,157,124,3_VBS,2D,2022/05/20,,5,12,18,25,29,,,,,,,,,,,,,,,
195,201,神のまにまに,かみのまにまに,か,132.9,117,4_WxS,3D,2022/05/30,,6,13,18,25,29,,,,,まにまに,,,,,,,,,,
196,244,Awake Now,あうぇいくなう,あ,121.6,114,3_VBS,2D,2022/05/31,2024/06/10,6,12,17,24,30,29,,,,あわけなう,,,,,あｗ,あわｋ,あわけｎ,あわけのｗ,,
197,245,阿吽のビーツ,あうんのびーつ,あ,136.4,118,3_VBS,原曲,2022/06/06,,6,13,18,23,29,,,,,,,,,,,,,,,
198,248,バグ,ばぐ,は,128.1,115,5_25,2D,2022/06/10,2024/08/30,9,13,19,26,32,31,,,,,,,,,,,,,,
199,198,グッバイ宣言,ぐっばいせんげん,く,126.4,114,4_WxS,2D,2022/06/13,2024/03/22,7,12,17,26,30,27,,,,,,,,,,,,,,
200,213,ヴァンパイア,ヴぁんぱいあ,う,141.7,119,2_MMJ,2D/3D,2022/06/20,,7,12,18,25,30,27,,,,,,,,,,,,,,
201,254,未完成讃歌,みかんせいさんか,み,156.4,123,0_VS,-,2022/06/24,,8,12,18,27,31,,,,,,,,,,,,,,,
202,212,星空のメロディー,ほしぞらのめろでぃー,ほ,108.4,110,4_WxS,3D,2022/06/28,,5,11,16,24,27,,,,,ほしめろ,,,,,,,,,,
203,229,脳漿炸裂ガール,のうしょうさくれつがーる,の,144.4,120,0_VS,原曲,2022/06/30,,7,13,18,28,32,,,,,,,,,,,,,,,
204,249,ぼくらの16bit戦争,ぼくらのしっくすてぃーんびっとうぉーず,ほ,148.3,121,0_VS,原曲,2022/07/01,,6,13,17,28,33,,,,,１６,じゅうろくびっと,１６びっと,１６びｔ,,,,,,,
205,218,メリュー,めりゅー,め,140.3,118,5_25,3D,2022/07/04,,6,11,15,22,26,,,,,めりゅう,,,,,,,,,,
206,246,エイリアンエイリアン,えいりあんえいりあん,え,143.7,120,4_WxS,-,2022/07/11,,7,12,18,25,29,,,,,,,,,,,,,,,
207,217,街,まち,ま,102.7,108,3_VBS,3D,2022/07/19,,6,12,16,23,27,,,,,,,,,,,,,,,
208,257,てらてら,てらてら,て,135.9,117,1_L/n,2D,2022/07/21,,8,13,18,24,30,,,,,,,,,,,,,,,
209,251,フロイライン＝ビブリォチカ,ふろいらいんびぶりぉちか,ふ,145.6,121,0_VS,-,2022/07/30,,9,14,18,27,31,,,,,,,,,,,,,,,
210,240,踊れオーケストラ,おどれおーけすとら,お,109.7,113,4_WxS,2D,2022/08/08,,8,12,17,24,28,,,,,おどれおおけすとら,おーけすとら,おおけすとら,おどおけ,,,,,,,
211,264,パラソルサイダー,ぱらそるさいだー,は,91.4,105,2_MMJ,2D,2022/08/10,,8,13,17,25,30,,,,,,,,,,,,,,,
212,226,ロストエンファウンド,ろすとえんふぁうんど,ろ,156.3,122,1_L/n,3D,2022/08/15,,9,13,18,25,29,,,,,ろすえん,,,,,,,,,,
213,266,YY,わいわい,わ,144.7,120,3_VBS,原曲,2022/08/22,2024/07/17,7,12,17,25,29,29,,,,,,,,,ｙ,っｙ,,,,
214,274,それでもいいんだよ,それでもいいんだよ,そ,128.2,115,0_VS,-,2022/08/26,,6,12,17,24,29,,,,,,,,,,,,,,,
215,237,君の夜をくれ,きみのよるをくれ,き,121.9,113,5_25,3D,2022/08/29,,5,11,15,21,26,,,,,きみくれ,きみよる,,,,,,,,,
216,273,フューチャー・イヴ,ふゅーちゃーいヴ,ふ,153.2,122,0_VS,原曲,2022/09/02,,9,13,19,27,32,,,,,ふつれ,いゔ,いぶ,ふゅうちゃあいゔ,,,,,,,
217,236,Voices,ヴぉいしーず,う,124.5,114,1_L/n,3D,2022/09/07,,8,13,18,25,30,,,,,ぼいしーず,ぼいしいず,,,,ｖ,ゔぉいｃ,ゔぉいせｓ,,,
218,272,ジェヘナ,じぇへな,し,153.8,122,5_25,原曲/2D,2022/09/12,,6,13,18,25,31,31,,,,,,,,,,,,,,
219,243,Calc.,かるく,か,144.7,120,1_L/n,-,2022/09/16,,7,13,18,25,30,,,,,,,,,,ｃ,かｌｃ,,,,
220,280,虚ろを扇ぐ,うつろをあおぐ,う,156.6,124,3_VBS,2D,2022/09/20,2024/11/30,5,11,17,23,27,30,,,,,,,,,,,,,,
221,235,Journey,じゃーにー,し,166,126,9_oth,2D/3D,2022/09/30,,6,12,18,25,29,,,,,じゃあにい,,,,,ｊ,じょうｒｎ,じょうｒねｙ,,,
222,289,天ノ弱,あまのじゃく,あ,108.9,110,1_L/n,2D,2022/10/01,,8,12,17,25,29,,,,,,,,,,,,,,,
223,288,アンハッピーリフレイン,あんはっぴーりふれいん,あ,132.8,116,0_VS,-,2022/10/02,,9,13,19,26,31,,,,,あんはぴ,あんはっぴいりふれいん,,,,,,,,,
224,277,フォニイ,ふぉにい,ふ,144.1,120,5_25,2D,2022/10/03,,7,13,18,24,29,,,,,,,,,,,,,,,
225,256,ダブルラリアット,だぶるらりあっと,た,142.2,119,0_VS,-,2022/10/04,,6,11,16,23,27,,,,,だぶらり,,,,,,,,,,
226,284,インビジブル,いんびじぶる,い,144.1,120,0_VS,-,2022/10/05,,8,13,19,28,32,,,,,,,,,,,,,,,
227,225,エゴロック,えごろっく,え,112.3,111,4_WxS,3D,2022/10/06,,9,13,18,25,31,,,,,,,,,,,,,,,
228,278,Bad ∞ End ∞ Night,ばっどえんどないと,は,118.1,112,0_VS,原曲,2022/10/07,,9,14,18,25,29,,,,,ばどえん,,,,,ｂ,ばｄ,ばでｎ,ばでんｄ,ばでんｄｎ,
229,242,トリノコシティ,とりのこしてぃ,と,117.4,112,2_MMJ,-,2022/10/08,,6,11,17,23,27,,,,,,,,,,,,,,,
230,279,こちら、幸福安心委員会です。,こちらこうふくあんしんいいんかいです,こ,146.3,120,0_VS,-,2022/10/09,,6,12,18,24,28,,,,,こうふくあんしんいいんかい,,,,,,,,,,
231,253,DAYBREAK FRONTLINE,でいぶれいくふろんとらいん,て,139,118,3_VBS,2D/3D,2022/10/10,2024/01/31,6,12,19,25,29,29,,,,でいぶれ,,,,,ｄ,だｙｂｒ,だｙｂれあｋｆｒ,だｙｂれあｋｆろｎ,だｙｂれあｋｆろんｔｌ,
232,285,ÅMARA(大未来電脳),あまらだいみらいでんのう,あ,154.5,123,0_VS,2D,2022/10/11,,8,14,19,28,34,,,,,,,,,,あｍ,あまｒ,,,,
233,252,DREAM PLACE,どりーむぷれいす,と,142.1,118,2_MMJ,3D,2022/10/19,,6,12,17,25,29,,,,,どりぷれ,どりいむぷれいす,,,,ｄｒ,ｄれあｍｐｌ,ｄれあｍｐぁｃ,ｄれあｍｐぁせ,,
234,270,泥中に咲く,でいちゅうにさく,て,145.8,120,5_25,2D,2022/10/28,,5,11,17,22,26,,,,,,,,,,,,,,,
235,292,いちにのさんで,いちにのさんで,い,162,124,0_VS,-,2022/10/31,,5,11,15,22,26,,,,,,,,,,,,,,,
236,262,帝国少女,ていこくしょうじょ,て,148,121,3_VBS,2D,2022/11/01,,5,11,17,24,28,,,,,,,,,,,,,,,
237,265,Change me,ちぇんじみー,ち,147.2,121,0_VS,-,2022/11/04,,6,12,17,23,28,,,,,,,,,,ｃｈ,ちゃｎ,ちゃんｇ,ちゃんげｍ,ちゃんげめ,
238,260,ラブカ？,らぶか,ら,103.7,108,4_WxS,3D,2022/11/14,,6,12,17,25,29,,,,,,,,,,,,,,,
239,259,the WALL,"スコア   ：300,000~319,999",さ,111.8,111,1_L/n,3D,2022/11/18,,8,13,17,25,30,,,,,かべ,うぉーる,うぉおる,,,ｔｈ,てぇｗ,てぇわｌ,てぇわっｌ,,
240,304,Iなんです,あいなんです,あ,106.1,109,5_25,2D,2022/11/20,,8,13,18,26,31,33,,,,いなんです,,,,,いなんです,,,,,
241,275,パラジクロロベンゼン,ぱらじくろろべんぜん,は,149.1,121,0_VS,-,2022/11/21,,6,13,18,24,28,,,,,,,,,,,,,,,
242,261,星屑ユートピア,ほしくずゆーとぴあ,ほ,131.8,116,0_VS,-,2022/11/25,,9,12,17,25,30,,,,,ほしくずゆうとぴあ,ゆーとぴあ,ゆうとぴあ,,,,,,,,
243,302,フレー,ふれー,ふ,138.5,118,1_L/n,2D,2022/11/26,,7,13,17,26,30,,,,,ふれえ,,,,,,,,,,
244,271,あったかいと,あったかいと,あ,148.7,121,0_VS,-,2022/11/28,,8,13,18,24,29,,,,,,,,,,,,,,,
245,295,フロート・プランナー,ふろーとぷらんなー,ふ,103.5,108,2_MMJ,2D,2022/11/30,,6,13,17,23,27,,,,,ふろおとぷらんなあ,,,,,,,,,,
246,268,ノンブレス・オブリージュ,のんぶれすおぶりーじゅ,の,129.8,116,5_25,3D,2022/12/05,,6,12,18,26,31,,,,,,,,,,,,,,,
247,269,ロンリーユニバース,ろんりーゆにばーす,ろ,141.3,119,2_MMJ,2D,2022/12/09,,5,12,17,23,27,,,,,ろんりいゆにばあす,ろんゆに,,,,,,,,,
248,314,陽だまりのセツナ,ひだまりのせつな,ひ,115.7,112,0_VS,-,2022/12/12,,8,12,17,23,28,,,,,,,,,,,,,,,
249,267,仮死化,かしか,か,132.3,116,3_VBS,2D/3D,2022/12/19,2025/01/10,8,13,17,23,28,28,,,,,,,,,,,,,,
250,315,What's up? Pop!,わっつあっぷぽっぷ,わ,160.5,124,0_VS,-,2022/12/23,,9,14,22,31,37,,,,,わつあぽ,,,,,ｗｈ,うぁｔｓ,うぁつｐ,うぁつっｐ,うぁつっぽｐ,
251,250,腐れ外道とチョコレゐト,くされげどうとちょこれいと,く,132.3,116,0_VS,-,2022/12/25,,9,14,21,30,35,,,,,ちょこれいと,,,,,,,,,,
252,255,夜もすがら君想ふ,よもすがらきみおもう,よ,146,120,1_L/n,2D,2022/12/29,,6,12,16,24,28,,,,,,,,,,,,,,,
253,298,ネトゲ廃人シュプレヒコール,ねとげはいじんしゅぷれひこーる,ね,148.5,121,4_WxS,-,2022/12/30,,8,13,18,25,31,,,,,しゅぷれひこーる,しゅぷれひこおる,,,,,,,,,
254,296,カンタレラ,かんたれら,か,125.5,114,0_VS,原曲,2022/12/31,,6,12,17,24,29,,,,,,,,,,,,,,,
255,313,FREELY TOMORROW,ふりーりーとぅもろー,ふ,138.3,118,0_VS,原曲,2023/01/01,,6,11,16,24,29,,,,,ふりいりいとぅもろお,,,,,ｆｒ,ｆれえｌｙｔ,ｆれえｌｙとｍ,ｆれえｌｙともｒ,ｆれえｌｙともっｒ,
256,281,気まぐれメルシィ,きまぐれめるしぃ,き,148.5,121,2_MMJ,3D,2023/01/02,,7,12,18,25,31,,,,,めるしぃ,,,,,,,,,,
257,294,それがあなたの幸せとしても,それがあなたのしあわせとしても,そ,127.8,115,5_25,-,2023/01/03,,5,11,16,22,26,,,,,それしあ,,,,,,,,,,
258,303,リンちゃんなう！,りんちゃんなう,り,148.5,121,0_VS,原曲,2023/01/04,,9,12,18,25,30,,,,,,,,,,,,,,,
259,291,フェレス,ふぇれす,ふ,139.7,118,3_VBS,原曲/2D,2023/01/05,,9,13,18,26,30,31,,,,,,,,,,,,,,
260,311,夜明けと蛍,よあけとほたる,よ,145.5,120,0_VS,-,2023/01/10,,5,10,15,22,26,,,,,,,,,,,,,,,
261,282,星空オーケストラ,ほしぞらおーけすとら,ほ,124.5,114,4_WxS,3D,2023/01/19,,9,12,17,23,29,,,,,おーけすとら,おおけすとら,ほしおけ,,,,,,,,
262,310,Flyway,ふらいうぇい,ふ,129.2,116,1_L/n,2D,2023/01/21,2024/04/10,8,12,17,24,29,30,,,,,,,,,ｆｌｙｗ,ｆｌｙわｙ,,,,
263,297,p.h.,ぺーはー,へ,110.9,110,0_VS,原曲,2023/01/23,,6,12,18,24,29,,,,,ぴーえいち,ぺえはあ,ぴいえいち,,,ｐ,ｐｈ,,,,
264,228,Goodbye,ぐっどばい,く,128.2,115,0_VS,原曲,2023/02/01,,6,12,17,23,26,,,,,,,,,,ｇ,ごおｄｂｙ,ごおｄびぇ,,,
265,327,SnowMix♪,すのうみっくす,す,158.4,124,0_VS,原曲,2023/02/04,,8,12,18,27,30,,,,,,,,,,ｓｎ,ｓのｗｍ,ｓのｗみｘ,,,
266,328,星界ちゃんと可不ちゃんのおつかい合騒曲,せかいちゃんとかふちゃんのおつかいがっそうきょく,せ,154.2,122,0_VS,-,2023/02/06,,9,14,20,29,32,,,,,せかせか,せいかいちゃん,かふちゃん,,,,,,,,
267,326,天使の翼。,てんしのつばさ,て,169.2,127,0_VS,-,2023/02/07,,6,12,18,24,28,,,,,,,,,,,,,,,
268,247,Copycat,こぴーきゃっと,こ,125.7,114,0_VS,原曲,2023/02/10,,5,11,16,23,26,,,,,こぴいきゃっと,,,,,ｃ,こｐｙｃ,こｐｙかｔ,,,
269,283,レイニースノードロップ,れいにーすのーどろっぷ,れ,151,122,0_VS,3D,2023/02/11,,8,14,17,25,30,,,,,,,,,,,,,,,
270,293,アイロニ,あいろに,あ,144.4,120,5_25,原曲,2023/02/13,,5,11,17,23,28,,,,,,,,,,,,,,,
271,306,1925,いちきゅーにーごー,い,142,119,4_WxS,-,2023/02/15,,6,11,17,24,28,,,,,１９２５,,,,,,,,,,
272,287,私は、私達は,わたしはわたしたちは,わ,108,109,2_MMJ,3D,2023/02/17,,7,12,18,24,27,,,,,わたわた,,,,,,,,,,
273,316,ひつじがいっぴき,ひつじがいっぴき,ひ,129,115,3_VBS,2D,2023/02/19,,9,13,17,25,28,,,,,,,,,,,,,,,
274,286,"Hello, Worker",はろーわーかー,は,102.9,108,1_L/n,3D,2023/02/20,,7,12,17,25,28,,,,,はろわ,はろおうぉおかあ,,,,ｈ,へｌ,へっｌ,へっぉｗ,へっぉをｒｋ,
275,338,Where shall we go?,うぇあしゃるうぃーごー,う,119,112,0_VS,-,2023/02/24,,6,11,16,21,26,,,,,,,,,,ｗｈ,うぇｒ,うぇれｓｈ,うぇれしゃｌ,うぇれしゃっｌｗ,
276,312,ココロ,こころ,こ,141.9,119,0_VS,-,2023/02/27,,6,12,16,24,28,,,,,,,,,,,,,,,
277,305,ストロボラスト,すとろぼらすと,す,132.1,116,0_VS,-,2023/02/28,,5,12,16,23,28,,,,,,,,,,,,,,,
278,214,パレットには君がいっぱい,ぱれっとにはきみがいっぱい,は,133.5,117,0_VS,-,2023/03/01,,5,11,17,25,28,,,,,,,,,,,,,,,
279,202,Q,きゅー,き,130.6,116,0_VS,-,2023/03/02,,5,12,17,24,28,,,,,きゅう,,,,,ｑ,,,,,
280,329,ヤミナベ!!!!,やみなべ,や,129.9,116,0_VS,-,2023/03/04,,9,15,23,31,37,,,,,,,,,,,,,,,
281,320,Booo!,ぶー,ふ,97.7,106,2_MMJ,2D,2023/03/07,,9,14,18,25,29,,,,,ぶー,ぶう,,,,ｂ,ぼおお,,,,
282,331,39,さんきゅー,さ,143.3,120,0_VS,原曲,2023/03/09,,9,13,18,24,29,,,,,さんじゅうきゅう,,,,,,,,,,
283,333,Mr. Showtime,みすたーしょうたいむ,み,138.7,118,4_WxS,2D,2023/03/11,,9,14,19,26,31,,,,,みすしょ,みすたあ,,,,ｍｒｓｈ,ｍｒしょｗｔ,ｍｒしょｗちｍ,ｍｒしょｗちめ,,
284,299,エゴイスト,えごいすと,え,147.4,121,3_VBS,3D,2023/03/13,,8,14,18,26,31,,,,,,,,,,,,,,,
285,332,エピローグに君はいない,えぴろーぐにきみはいない,え,113.4,111,0_VS,-,2023/03/16,,5,11,16,23,26,,,,,えぴろおぐにきみはいない,,,,,,,,,,
286,263,Highlight,はいらいと,は,97,106,0_VS,原曲,2023/03/20,,5,11,16,23,28,,,,,,,,,,ｈ,ひｇｈｌ,ひｇｈぃｇｈｔ,,,
287,321,アトラクトライト,あとらくとらいと,あ,145.1,120,1_L/n,2D,2023/03/24,,8,14,17,25,30,,,,,,,,,,,,,,,
288,300,ザムザ,ざむざ,さ,114.8,111,5_25,3D,2023/03/28,,5,13,18,25,30,,,,,,,,,,,,,,,
289,335,トラッシュ・アンド・トラッシュ！,とらっしゅあんどとらっしゅ,と,138.3,118,0_VS,原曲,2023/03/30,,9,13,19,27,31,,,,,とあと,,,,,,,,,,
290,334,Vampire's ∞ pathoS,ヴぁんぱいあずぱとす,う,124.1,114,0_VS,原曲,2023/03/31,,8,13,19,27,31,,,,,ぱとす,,,,,ｖ,ゔぁｍｐ,ゔぁｍぴｒ,ゔぁｍぴれｓｐ,ゔぁｍぴれｓぱｔｈ,
291,336,Be The MUSIC!,びーざみゅーじっく,ひ,155.6,123,9_oth,2D,2023/04/01,,6,12,20,26,29,,,,,びいざみゅうじっく,BTM,,,,ｂ,べｔｈ,べてぇ,べてぇｍ,べてえむｓ,
292,337,METEOR,みーてぃあ,み,139.5,118,0_VS,-,2023/04/01,,7,14,19,25,30,,,,,みいてぃあ,,,,,ｍ,めｔ,めておｒ,,,
293,330,インタビュア,いんたびゅあ,い,145.5,120,0_VS,原曲,2023/04/02,,6,12,16,23,26,,,,,,,,,,,,,,,
294,301,私の恋はヘルファイア,わたしのこいはへるふぁいあ,わ,150.3,122,0_VS,3D,2023/04/03,,9,13,18,27,31,,,,,へるふぁいあ,,,,,,,,,,
295,343,スノーマン,すのーまん,す,144.1,120,0_VS,-,2023/04/04,,6,12,18,24,29,,,,,すのおまん,,,,,,,,,,
296,258,深海少女,しんかいしょうじょ,し,145.4,120,2_MMJ,原曲,2023/04/07,,6,12,16,23,27,,,,,,,,,,,,,,,
297,317,魔法みたいなミュージック！,まほうみたいなみゅーじっく,ま,140.6,118,0_VS,原曲,2023/04/10,,9,12,18,25,31,,,,,,,,,,,,,,,
298,351,相生,あいおい,あ,161.6,125,1_L/n,2D,2023/04/11,,6,13,18,22,26,,,,,,,,,,,,,,,
299,359,名も無き革命,なもなきかくめい,な,122.5,114,0_VS,-,2023/04/14,,8,12,18,24,29,,,,,かくめい,,,,,,,,,,
300,307,おこちゃま戦争,おこちゃませんそう,お,146.1,120,4_WxS,3D,2023/04/17,,8,13,18,27,31,,,,,,,,,,,,,,,
301,322,絶え間なく藍色,たえまなくあいいろ,た,143.1,120,3_VBS,原曲,2023/04/21,,6,12,17,24,28,,,,,あいいろ,,,,,,,,,,
302,352,命ばっかり,いのちばっかり,い,130.8,116,5_25,-,2023/04/24,,6,14,18,25,28,,,,,,,,,,,,,,,
303,308,ももいろの鍵,ももいろのかぎ,も,132.3,116,2_MMJ,3D,2023/04/28,,7,13,19,26,31,,,,,ももかぎ,,,,,,,,,,
304,353,キティ,きてぃ,き,114.1,111,5_25,2D,2023/04/30,,6,13,20,28,31,,,,,,,,,,,,,,,
305,323,快晴,かいせい,か,151.1,122,1_L/n,3D,2023/05/01,,7,13,17,25,29,,,,,,,,,,,,,,,
306,349,悪食娘コンチータ,あくじきむすめこんちーた,あ,102,108,0_VS,-,2023/05/03,,7,13,19,26,29,,,,,こんちーた,こんちいた,,,,,,,,,
307,350,眠らせ姫からの贈り物,ねむらせひめからのおくりもの,ね,135.3,117,0_VS,-,2023/05/04,,6,12,18,24,27,,,,,,,,,,,,,,,
308,347,円尾坂の仕立屋,えんびざかのしたてや,え,120.4,113,0_VS,-,2023/05/05,,8,12,16,24,28,,,,,したてや,,,,,,,,,,
309,348,悪徳のジャッジメント,あくとくのじゃっじめんと,あ,127.8,115,0_VS,-,2023/05/06,,6,12,17,24,28,,,,,じゃっじめんと,,,,,,,,,,
310,318,Sharing The World,しぇありんぐざわーるど,し,150.7,122,0_VS,-,2023/05/12,,6,11,17,23,27,,,,,ｓｔｗ,,,,,ｓ,ｓｈ,しゃｒ,しゃりｎ,しゃりんｇｔｈ,
311,354,セツナトリップ,せつなとりっぷ,せ,155.2,123,2_MMJ,原曲,2023/05/15,,6,12,20,27,32,,,,,,,,,,,,,,,
312,276,シャンティ,しゃんてぃ,し,130.9,116,3_VBS,原曲,2023/05/19,,6,13,18,25,30,,,,,,,,,,,,,,,
313,364,エターナルアリア,えたーなるありあ,え,139,118,0_VS,-,2023/05/22,,8,14,19,27,30,,,,,えたあなるありあ,,,,,,,,,,
314,342,Blue Star,ぶるーすたー,ふ,147.1,121,0_VS,原曲,2023/05/26,,6,12,17,25,29,,,,,ぶるうすたあ,,,,,ｂｌ,ｂぅえｓｔ,ｂぅえｓたｒ,,,
315,324,箱庭のコラル,はこにわのこらる,は,129.5,116,4_WxS,3D,2023/05/29,,6,12,17,23,27,,,,,こらる,,,,,,,,,,
316,370,人生,じんせい,し,148.8,121,0_VS,-,2023/06/02,,9,14,23,31,37,,,,,,,,,,,,,,,
317,362,Wonder Style,わんだーすたいる,わ,136.1,117,0_VS,-,2023/06/07,,6,11,18,24,28,,,,,わんだあすたいる,,,,,ｗ,をｎ,をんｄ,をんでｒｓｔｙｌ,をんでｒｓｔｙぇ,
318,373,下剋上,げこくじょう,け,155.2,123,3_VBS,2D,2023/06/10,,8,12,18,25,30,,,,,,,,,,,,,,,
319,346,嗚呼、素晴らしきニャン生,ああすばらしきにゃんせい,あ,150,120,4_WxS,原曲,2023/06/12,,8,13,18,24,29,,,,,にゃんせい,,,,,,,,,,
320,380,スターダストメドレー,すたーだすとめどれー,す,143.3,120,0_VS,-,2023/06/16,,7,13,20,26,30,,,,,すたあだすとめどれえ,,,,,,,,,,
321,374,チームメイト,ちーむめいと,ち,112.4,111,2_MMJ,2D,2023/06/20,,8,12,18,24,30,,,,,ちいむめいと,,,,,,,,,,
322,339,glow,ぐろう,く,158.9,124,1_L/n,3D,2023/06/23,2024/10/12,5,11,17,22,26,25,,,,ぐろう,ぐろお,,,,ｇ,ｇぉｗ,,,,
323,340,とても素敵な六月でした,とてもすてきなろくがつでした,と,154,123,5_25,3D,2023/06/26,,9,12,18,24,29,,,,,ろくがつ,,,,,,,,,,
324,363,UNDERWATER,あんだーうぉーたー,あ,148.6,120,0_VS,原曲,2023/06/28,,6,11,16,24,29,,,,,あんだあうぉおたあ,,,,,うｎ,うんｄ,うんでｒｗ,うんでｒわｔ,うんでｒわてｒ,
325,361,きゅうくらりん,きゅうくらりん,き,109.1,110,2_MMJ,原曲,2023/07/03,,9,14,20,27,31,,,,,,,,,,,,,,,
326,309,Afterglow,あふたーぐろう,あ,146.7,120,0_VS,3D,2023/07/07,,8,11,16,23,27,,,,,,,,,,あｆｔ,あｆてｒｇｌ,あｆてｒｇぉｗ,,,
327,360,太陽系デスコ,たいようけいですこ,た,146,120,4_WxS,原曲,2023/07/12,,7,13,17,23,28,,,,,ですこ,,,,,,,,,,
328,382,心拍ペアリング,しんぱくぺありんぐ,し,87.3,103,0_VS,-,2023/07/14,,6,11,17,23,28,,,,,,,,,,,,,,,
329,345,演劇,えんげき,え,125.9,115,5_25,3D,2023/07/19,,8,11,17,24,28,,,,,,,,,,,,,,,
330,375,星を繋ぐ,ほしをつなぐ,ほ,96.6,106,1_L/n,2D,2023/07/21,2024/06/20,7,12,18,24,28,27,,,,,,,,,,,,,,
331,344,脳内革命ガール,のうないかくめいがーる,の,140,118,3_VBS,3D,2023/07/24,,9,13,18,27,31,,,,,,,,,,,,,,,
332,319,Decade,でぃけいど,て,144.6,119,0_VS,-,2023/07/28,,6,11,16,24,30,,,,,,,,,,でｃ,でかｄ,でかで,,,
333,400,我らステインバスターズ！,われらすていんばすたーず！,わ,104.9,109,2_MMJ,2D,2023/08/01,,6,12,17,24,28,,,,,すていんばすたーず,すていんばすたあず,,,,,,,,,
334,381,新人類,しんじんるい,し,156.7,124,0_VS,-,2023/08/03,,6,13,19,27,31,,,,,,,,,,,,,,,
335,379,ずんだパーリナイ,ずんだぱーりない,す,166.8,126,0_VS,-,2023/08/04,,7,13,19,27,31,,,,,ずんだもん,,,,,,,,,,
336,399,Disco No.39,でぃすこなんばーさーてぃーないん,て,134.1,117,0_VS,-,2023/08/10,,6,13,19,26,30,,,,,DN39,ｄん３９,,,,ぢｓｃ,ぢｓこｎ,ぢｓこの。３９,,,
337,395,サマータイムレコード,さまーたいむれこーど,さ,149,121,1_L/n,-,2023/08/15,,9,13,19,24,28,,,,,さまあたいむれこおど,,,,,,,,,,
338,356,リアライズ,りあらいず,り,94.3,105,3_VBS,3D,2023/08/19,,7,13,19,25,29,,,,,,,,,,,,,,,
339,386,キラピピ★キラピカ,きらぴぴきらぴか,き,102.4,108,4_WxS,2D,2023/08/21,,7,11,16,23,27,,,,,,,,,,,,,,,
340,394,ボトルケーキ,ぼとるけーき,ほ,115.6,111,0_VS,-,2023/08/25,,5,11,16,24,28,,,,,ぼとるけえき,,,,,,,,,,
341,358,心做し,こころなし,こ,138.6,118,5_25,-,2023/08/28,,5,12,16,22,26,,,,,,,,,,,,,,,
342,357,ブループラネット,ぶるーぷらねっと,ふ,135.9,118,0_VS,3D,2023/08/31,,8,13,19,26,30,,,,,ぶるぷら,ぶるうぷらねっと,,,,,,,,,
343,414,HERO,ひーろー,ひ,122.9,114,0_VS,原曲,2023/09/01,,8,13,19,26,31,,,,,ひいろお,,,,,へｒ,へろ,,,,
344,408,CIRCUS PANIC!!!,さーかすぱにっく,さ,138.3,118,0_VS,-,2023/09/04,,6,13,19,27,32,,,,,さあかすぱにっく,,,,,しｒｃ,しｒくｓｐ,しｒくｓぱｎ,しｒくｓぱにｃ,,
345,355,白い雪のプリンセスは,しろいゆきのプリンセスは,し,140,118,2_MMJ,3D,2023/09/11,,9,14,17,24,29,,,,,しろゆき,,,,,,,,,,
346,393,Un-Lock,あんろっく,あ,139,118,0_VS,-,2023/09/19,,6,12,18,24,28,,,,,,,,,,うｎ,うんｌ,うんぉｃｋ,,,
347,415,ラッキー☆オーブ,らっきーおーぶ,ら,120.5,113,0_VS,原曲,2023/09/25,,6,11,17,24,28,,,,,らっきいおおぶ,,,,,,,,,,
348,366,NEO,ねお,ね,125.7,114,9_oth,3D,2023/09/30,,8,13,19,25,29,32,,,,,,,,,,,,,,
349,368,アイムマイン,あいむまいん,あ,156.5,123,0_VS,3D,2023/10/01,,6,13,19,25,29,,,,,,,,,,,,,,,
350,372,天樂,てんがく,て,151.3,122,1_L/n,原曲,2023/10/02,,9,13,18,25,29,,,,,,,,,,,,,,,
351,401,まにまに,まにまに,ま,113.8,111,0_VS,原曲,2023/10/03,,7,13,19,25,29,,,,,,,,,,,,,,,
352,369,メランコリック,めらんこりっく,め,147.7,120,2_MMJ,原曲,2023/10/04,,6,13,16,24,27,,,,,,,,,,,,,,,
353,325,豚になってyeah yeah,ぶたになっていえいいえい,ふ,121.1,113,0_VS,3D,2023/10/05,,5,12,17,24,28,,,,,,,,,,いぇあｈ,いぇあひぇあｈ,,,,
354,365,恋は戦争,こいはせんそう,こ,143,120,3_VBS,-,2023/10/06,,8,12,16,23,27,,,,,,,,,,,,,,,
355,412,デビルじゃないもん,でびるじゃないもん,て,121.2,113,0_VS,原曲,2023/10/07,,7,12,19,26,29,,,,,,,,,,,,,,,
356,367,すきなことだけでいいです,すきなことだけでいいです,す,155.2,123,4_WxS,3D,2023/10/08,,6,12,18,26,31,,,,,,,,,,,,,,,
357,403,番凩,つがいこがらし,つ,125,114,0_VS,-,2023/10/09,,6,12,17,24,27,,,,,,,,,,,,,,,
358,385,神っぽいな,かみっぽいな,か,147.5,121,5_25,原曲,2023/10/10,,6,13,18,25,29,,,,,,,,,,,,,,,
359,390,Dear,でぃあー,て,150.4,122,0_VS,-,2023/10/11,,6,12,17,23,28,,,,,,,,,,であｒ,,,,,
360,421,CR詠ZY,くれいじー,く,103.3,108,3_VBS,2D,2023/10/12,,5,13,19,24,28,,,,,くれいじい,Crazy,,,,ｃｒ,ｃらｚｙ,,,,
361,425,Cool Me Down,くーるみーだうん,く,149.3,121,0_VS,-,2023/10/16,,7,13,19,25,29,,,,,くうるみいだうん,ｃｍｄ,,,,こおｌｍ,こおｌめｄ,こおｌめどｗｎ,,,
362,377,悪役にキスシーンを,あくやくにきすしーんを,あ,152.5,122,2_MMJ,3D,2023/10/23,,6,12,18,25,29,,,,,きすしーん,きすしいん,,,,,,,,,
363,376,我儘姫,わがままひめ,わ,141.9,119,4_WxS,-,2023/10/25,,6,11,18,26,30,,,,,,,,,,,,,,,
364,383,purpose,ぱーぱす,は,108.5,109,1_L/n,2D/3D,2023/10/29,,6,12,18,24,28,,,,,ぱあぱす,,,,,ぷｒｐ,ぷｒぽｓ,ぷｒぽせ,,,
365,429,はぐ,はぐ,は,129.6,116,2_MMJ,2D,2023/10/31,,6,13,18,24,29,,,,,,,,,,,,,,,
366,384,トワイライトライト,とわいらいとらいと,と,106.8,108,5_25,2D/3D,2023/11/01,,8,13,17,22,26,,,,,,,,,,,,,,,
367,392,春嵐,しゅんらん,し,140.2,119,3_VBS,原曲,2023/11/06,,6,14,20,27,30,,,,,はるあらし,,,,,,,,,,
368,406,ARQETYPE,あーきたいぷ,あ,99.7,106,0_VS,-,2023/11/10,,9,14,21,27,31,,,,,ああきたいぷ,,,,,あｒｑ,あｒくぇｔｙｐ,あｒくぇｔｙぺ,,,
369,426,On&On,おんあんどおん,お,115.4,111,0_VS,-,2023/11/13,,6,12,18,23,27,,,,,,,,,,おｎ,おなｎ,おなんｄ,おなんどｎ,,
370,391,キュートなカノジョ,きゅーとなかのじょ,き,132.4,116,5_25,原曲,2023/11/22,,7,13,17,26,30,,,,,きゅうとなかのじょ,,,,,,,,,,
371,397,フィラメントフィーバー,ふぃらめんとふぃーばー,ふ,114.4,111,4_WxS,2D/3D,2023/11/28,,6,13,18,25,29,,,,,ふぃふぃ,,,,,,,,,,
372,413,さよならプリンセス,さよならぷりんせす,さ,119.4,113,2_MMJ,原曲,2023/12/04,,8,14,19,26,30,,,,,,,,,,,,,,,
373,398,Beyond the way,びよんどざうぇい,ひ,116.9,112,3_VBS,2D/3D,2023/12/08,,7,13,17,25,28,,,,,ｂｔｗ,,,,,べｙ,べよｎ,べよんｄｔｈ,べよんｄてぇｗ,べよんｄてぇわｙ,
374,440,ショウタイム×オーディエンス,しょうたいむおーでぃえんす,し,122.5,113,0_VS,-,2023/12/11,,9,14,18,25,30,,,,,,,,,,,,,,,
375,341,難聴系男子が倒せない,なんちょうけいだんしがたおせない,な,142.4,119,0_VS,3D,2023/12/18,,7,12,17,25,30,,,,,,,,,,,,,,,
376,446,オーバーコード,おーばーこーど,お,160,124,0_VS,-,2023/12/22,,5,12,18,26,30,,,,,おおばあこおど,,,,,,,,,,
377,378,スロウダウナー,すろうだうなー,す,143,119,5_25,原曲,2023/12/25,,8,13,18,26,30,,,,,,,,,,,,,,,
378,407,初めての恋が終わる時,はじめてのこいがおわるとき,は,134.5,117,1_L/n,-,2023/12/28,,8,12,17,25,29,,,,,はじこい,,,,,,,,,,
379,409,25時の情熱,にじゅうごじのじょうねつ,に,119.3,112,5_25,2D/3D,2023/12/29,,5,11,17,22,25,,,,,,,,,,,,,,,
380,418,金木犀,きんもくせい,き,123.7,114,3_VBS,-,2023/12/30,,6,12,17,26,29,,,,,,,,,,,,,,,
381,439,一千光年,いっせんこうねん,い,115.9,111,0_VS,原曲,2023/12/31,,8,13,18,25,30,31,,,,,,,,,,,,,,
382,432,強風オールバック,きょうふうおーるばっく,き,137.4,118,4_WxS,原曲,2024/01/01,,6,13,17,24,28,,,,,,,,,,,,,,,
383,433,ヒアソビ,ひあそび,ひ,132.1,116,0_VS,原曲,2024/01/02,,9,13,18,27,31,,,,,,,,,,,,,,,
384,402,エンヴィーベイビー,えんヴぃーべいびー,え,136.9,118,5_25,3D,2024/01/03,,7,13,17,23,28,,,,,えび,,,,,,,,,,
385,430,『んっあっあっ。』,んっあっあっ,ん,128.3,115,0_VS,原曲,2024/01/04,,6,13,18,24,28,,,,,んああ,,,,,,,,,,
386,417,くうになる,くうになる,く,108.7,110,2_MMJ,原曲,2024/01/05,,7,13,18,24,29,,,,,,,,,,,,,,,
387,438,ハイドアンド・シーク,はいどあんどしーく,は,125,114,1_L/n,-,2024/01/09,,7,12,17,24,28,,,,,,,,,,,,,,,
388,447,folern,ふぉれん,ふ,141.3,119,9_oth,-,2024/01/11,,9,12,21,30,32,35,,,,,,,,,ふぉｌ,ふぉぇｒｎ,,,,
389,405,MOTTO!!!,もっと,も,142.4,119,2_MMJ,2D/3D,2024/01/15,,6,11,16,23,27,,,,,,,,,,もｔ,もっｔ,,,,
390,448,Sage,さげ,さ,150.7,122,9_oth,-,2024/01/18,,9,13,21,29,32,36,,,,せいじ,,,,,さｇ,,,,,
391,444,心泥夢(syndrome),しんどろーむ,し,161,124,0_VS,-,2024/01/22,,7,12,19,27,31,,,,,,,,,,ｓｙｎ,ｓｙんｄｒ,ｓｙんｄろｍ,ｓｙんｄろめ,,
392,452,サイバーパンクデッドボーイ,さいばーぱんくでっどぼーい,さ,122.9,113,4_WxS,2D,2024/01/23,,7,13,19,27,30,,,,,さばぱん,さいばーーぱんくでっどぼーい,,,,まｒｂｌ,まｒｂぇｂｌ,まｒｂぇｂぅえ,,,
393,449,MarbleBlue.,まーぶるぶるー,ま,163.3,124,9_oth,-,2024/01/25,,9,14,21,30,33,37,,,,まぶ,,,,,,,,,,
394,410,マーシャル・マキシマイザー,まーしゃるまきしまいざー,ま,95.3,105,3_VBS,3D,2024/01/29,,9,14,18,26,29,,,,,ましゃま,まあしゃるまきしまいざあ,,,,,,,,,
395,437,え？あぁ、そう。,えあぁそう,え,110.7,110,3_VBS,-,2024/02/01,,8,12,18,25,30,,,,,えあそう,,,,,,,,,,
396,435,リレイアウター,りれいあうたー,り,152.9,122,0_VS,-,2024/02/03,,7,13,18,26,30,,,,,,,,,,,,,,,
397,461,おどロボ,おどろぼ,お,163.9,125,0_VS,-,2024/02/04,,6,13,18,24,29,,,,,,,,,,,,,,,
398,411,世界を照らすテトラッド,せかいをてらすてとらっど,せ,121.6,113,4_WxS,2D/3D,2024/02/09,,7,13,20,27,31,,,,,てとらっど,,,,,,,,,,
399,463,ハッピーチートデー,はっぴーちーとでー,は,121.6,113,0_VS,原曲,2024/02/10,,5,12,17,23,26,,,,,はっぴいちいとでえ,,,,,,,,,,
400,468,十六歳の心臓,じゅうろくさいのしんぞう,し,136.1,117,0_VS,-,2024/02/13,,8,14,20,27,31,,,,,,,,,,,,,,,
401,416,limbo,りんぼ,り,102.1,108,0_VS,-,2024/02/16,,8,13,19,26,31,,,,,,,,,,ぃｍｂ,ぃｍぼ,,,,
402,423,レグルス,れぐるす,れ,127.1,115,1_L/n,2D/3D,2024/02/18,,6,12,18,26,29,30,,,,,,,,,,,,,,
403,436,古書屋敷殺人事件,こしょやしきさつじんじけん,こ,122.1,114,4_WxS,-,2024/02/22,,6,12,18,24,28,,,,,,,,,,,,,,,
404,422,JUMPIN’ OVER !,じゃんぴんおーばー,し,109.1,110,2_MMJ,2D/3D,2024/02/27,,7,12,17,24,28,,,,,,,,,,じゅｍｐ,じゅｍぴｎ,じゅｍぴのｖ,じゅｍぴのゔぇｒ,,
405,469,ラグトレイン,らぐとれいん,ら,127.4,115,5_25,原曲,2024/02/29,,6,13,16,23,27,25,,,,,,,,,,,,,,
406,424,インテグラル,いんでぐらる,い,117.1,112,1_L/n,2D/3D,2024/03/01,,8,12,16,24,28,,,,,,,,,,,,,,,
407,455,ド屑,どくず,と,120.6,113,5_25,原曲,2024/03/04,,5,12,18,25,28,,,,,,,,,,,,,,,
408,481,明鏡止水,めいきょうしすい,め,123.3,114,0_VS,-,2024/03/08,,7,12,18,23,28,,,,,,,,,,,,,,,
409,470,ハジメテノオト,はじめてのおと,は,130.9,116,0_VS,-,2024/03/09,,5,12,16,23,26,,,,,,,,,,,,,,,
410,431,flos,ふろす,ふ,125.1,114,2_MMJ,3D,2024/03/11,,6,12,18,23,27,,,,,,,,,,ｆｌ,ｆぉｓ,,,,
411,483,アコトバ,あことば,あ,130.1,115,0_VS,-,2024/03/15,,6,12,19,24,29,,,,,,,,,,,,,,,
412,427,幽光、1/fのゆらめき,ゆうこうえふぶんのいちのゆらめき,ゆ,91.3,105,0_VS,-,2024/03/18,,8,13,18,25,29,,,,,,,,,,,,,,,
413,465,嬢王,じょうおう,し,143.3,120,0_VS,-,2024/03/22,,9,15,24,31,33,36,,,,,,,,,,,,,,
414,434,1000年生きてる,せんねんいきてる,せ,108.4,109,4_WxS,3D,2024/03/25,,5,13,18,23,28,,,,,,,,,,,,,,,
415,456,幾望の月,きぼうのつき,き,125.1,114,1_L/n,原曲,2024/03/27,,6,14,19,26,29,,,,,いくぼうのつき,,,,,,,,,,
416,404,blender,ぶれんだー,ふ,136.1,117,3_VBS,2D/3D,2024/03/28,,5,12,16,23,27,,,,,ぶれんだあ,,,,,ｂｌ,ｂぇｎ,ｂぇんｄ,ｂぇんでｒ,,
417,454,えれくとりっく・えんじぇぅ,えれくとりっくえんじぇう,え,126.1,114,0_VS,-,2024/03/30,,7,12,17,24,29,,,,,,,,,,,,,,,
418,462,レッドランドマーカー,れっどらんどまーかー,れ,127.8,115,0_VS,原曲,2024/03/31,,7,13,18,26,29,,,,,,,,,,,,,,,
419,467,あいのうた,あいのうた,あ,123.1,113,0_VS,-,2024/04/02,,6,12,16,25,29,,,,,,,,,,,,,,,
420,466,ガーネットの涙,がーねっとのなみだ,か,119,112,0_VS,原曲,2024/04/03,,6,12,16,25,28,,,,,があねっと,,,,,,,,,,
421,485,だんだん早くなる,だんだんはやくなる,た,141,118,0_VS,-,2024/04/04,,7,13,18,24,28,,,,,,,,,,,,,,,
422,492,私は雨,わたしはあめ,わ,125.1,115,5_25,2D,2024/04/10,,6,12,18,24,28,,,,,,,,,,,,,,,
423,441,酔いどれ知らず,よいどれしらず,よ,136.1,117,3_VBS,3D,2024/04/15,,6,13,18,24,28,29,,,,,,,,,,,,,,
424,486,おぎゃりないざー,おぎゃりないざー,お,127.9,115,0_VS,-,2024/04/19,,9,15,23,31,34,37,,,,,,,,,,,,,,
425,496,シルバーコレクター,しるばーこれくたー,し,132.1,116,0_VS,-,2024/04/22,,8,13,19,26,32,,,,,しるばあこれくたあ,,,,,,,,,,
426,442,すれすれ,すれすれ,す,97.1,106,1_L/n,2D/3D,2024/04/28,,6,11,16,23,26,,,,,,,,,,,,,,,
427,497,烈火,れっか,れ,139.5,118,3_VBS,2D,2024/04/30,,6,12,16,23,27,,,,,,,,,,,,,,,
428,503,超最終鬼畜妹フランドール・Ｓ,ちょうさいしゅうきちくいもうとふらんどーるえす,ち,123,114,9_oth,-,2024/05/03,,9,14,20,28,32,35,,,,ふらんどーる,ふらんどおる,さいしゅうきちく,,,,,,,,
429,501,Bad Apple!! feat.SEKAI,ばっどあっぷるふぃーちゃりんぐせかい,は,146.3,120,5_25,2D,2024/05/04,,7,11,18,24,29,31,,,,,,,,,ばｄ,ばだｐ,ばだっｐｌ,ばだっｐぇｆ,ばだっｐぇふぇあｔｓ,
430,502,"Help me, ERINNNNNN!!",へるぷみーえーりん,へ,145.8,120,0_VS,2D,2024/05/05,,8,13,19,26,30,32,,,,えーりん,ええりん,,,,へｌｐｍ,へｌｐめえｒ,へｌｐめえりｎ,へｌｐめえｒ,へｌｐめえりんｎ,
431,480,おちゃめ機能,おちゃめきのう,お,125.7,114,4_WxS,-,2024/05/07,,7,13,18,24,30,,,,,,,,,,,,,,,
432,428,ときめきジェットコースター,ときめきじぇっとこーすたー,と,125,114,0_VS,-,2024/05/10,,8,13,19,27,31,,,,,,,,,,,,,,,
433,396,東京テディベア,とうきょうてでぃべあ,と,135.1,117,1_L/n,3D,2024/05/13,,9,13,18,28,31,34,,,,てでぃべあ,,,,,,,,,,
434,451,熱異常,ねついじょう,ね,122.1,114,5_25,3D,2024/05/17,,8,13,18,27,32,,,,,,,,,,,,,,,
435,504,I know 愛脳.,あいのうあいのう,あ,121.5,113,0_VS,-,2024/05/20,,7,14,20,26,31,,,,,いｋｎ,いｋのｗ,いｋのわいのう,,,,,,,,
436,482,だめにんげんだ!,だめにんげんだ,た,122.4,113,2_MMJ,原曲,2024/05/24,,8,13,19,26,30,,,,,,,,,,,,,,,
437,450,オペラ！スペースオペラ！,おぺらすぺーすおぺら,お,126,114,4_WxS,3D,2024/05/29,,9,13,19,26,30,31,,,,すぺーすおぺら,すぺえすおぺら,,,,,,,,,
438,458,抜錨,ばつびょう,は,125.1,114,1_L/n,3D,2024/06/03,,6,12,17,24,28,,,,,,,,,,,,,,,
439,493,きょうもハレバレ,きょうもはればれ,き,121.1,113,4_WxS,-,2024/06/10,,6,13,17,24,28,,,,,はればれ,,,,,,,,,,
440,457,Supernova,すーぱーのゔぁ,す,130.3,116,2_MMJ,3D,2024/06/18,,5,13,17,24,28,27,,,,すうぱあのゔぁ,すうぱあのば,すーぱーのば,すぱのば,すぱのゔぁ,ｓ,すｐ,すぺｒｎ,すぺｒのｖ,すぺｒのゔぁ,
441,507,エンパープル,えんぱーぷる,え,118.9,112,5_25,2D,2024/06/20,,6,12,17,24,29,30,,,,えんぱあぷる,,,,,,,,,,
442,512,合成するミライ,ごうせいするみらい,こ,135,117,0_VS,-,2024/06/24,,7,12,19,25,30,,,,,みらい,,,,,,,,,,
443,460,LEADER,りーだー,り,110.1,110,0_VS,-,2024/06/28,,6,12,17,24,28,,,,,りいだあ,,,,,,,,,,
444,494,ポッピンキャンディ☆フィーバー！,ぽっぴんきゃんでぃふぃーばー,ほ,128.9,115,2_MMJ,原曲,2024/07/01,,8,13,19,26,31,,,,,,,,,,,,,,,
445,471,ULTRA C,うるとらしー,う,97,106,3_VBS,3D,2024/07/07,,6,12,18,25,28,,,,,うｌｔｒ,うｌｔらｃ,,,,,,,,,
446,487,ダイジョブですか？,だいじょぶですか,た,150.7,122,0_VS,-,2024/07/09,,9,15,23,31,34,37,,,,だいじょうぶ,,,,,,,,,,
447,472,成敗いたAAAAAす！,せいばいいたあああああす,せ,133.1,116,4_WxS,2D/3D,2424/07/15,,8,14,18,25,31,,,,,せいばいいたす,,,,,,,,,,
448,443,林檎売りの泡沫少女,りんごうりのうたかたしょうじょ,り,129.6,116,1_L/n,原曲,2024/07/17,,8,13,17,24,28,,,,,うたかたしょうじょ,,,,,,,,,,
449,517,メリーゴーラウンド,めりーごーらんど,め,138.6,118,0_VS,-,2024/07/22,,5,12,18,26,29,,,,,めりいごおらんど,めりご,,,,,,,,,
450,473,マインドブランド,まいんどぶらんど,ま,125.3,114,5_25,3D,2024/07/29,,7,13,17,24,28,,,,,まいぶら,,,,,,,,,,
451,515,イガク,いがく,い,120.7,115,0_VS,-,2024/08/03,,7,14,20,25,31,,,,,,,,,,,,,,,
452,516,あちこちデートさん,あちこちでーとさん,あ,122.1,115,0_VS,-,2024/08/04,,5,11,16,22,30,,,,,でーとさん,でえとさん,,,,,,,,,
453,474,キラー,きらー,き,98.1,106,2_MMJ,2D/3D,2024/08/07,,8,13,19,27,31,33,,,,きらあ,,,,,,,,,,
454,522,WAVE,うぇーぶ,う,117.1,112,3_VBS,-,2024/08/13,,6,12,17,24,28,,,,,うぇいぶ,うぇーゔ,うぇいゔ,,,わｖ,わゔぇ,,,,
455,526,彗星ノ銀河,すいせいのぎんが,す,124.3,114,0_VS,-,2024/08/19,,5,11,16,21,26,,,,,ぎんが,,,,,,,,,,
456,519,夏夜ノ唄,なつよのうた,な,122.1,114,0_VS,-,2024/08/23,,5,13,16,23,28,,,,,,,,,,,,,,,
457,506,QUEEN,くいーん,く,143.7,120,4_WxS,原曲,2024/08/26,,8,13,18,25,29,,,,,くいいん,,,,,くええｎ,,,,,
458,525,アンテナ39,あんてなさんきゅー,あ,125.9,114,0_VS,原曲,2024/08/30,,6,13,18,25,30,,,,,あんてなみく,,,,,,,,,,
459,475,ちがう!!!,ちがう,ち,117.8,112,4_WxS,3D,2024/09/02,,8,13,18,26,31,,,,,,,,,,,,,,,
460,495,スーパーヒーロー,すーぱーひーろー,す,115,111,2_MMJ,原曲,2024/09/09,,6,13,20,25,29,,,,,すうぱあひいろお,,,,,,,,,,
461,529,カルチャ,かるちゃ,か,109.2,109,0_VS,原曲,2024/09/13,,7,13,17,25,28,,,,,,,,,,,,,,,
462,532,レイヤーノート,れいやーのーと,れ,127.8,115,0_VS,-,2024/09/17,,5,11,16,21,27,,,,,れいやあのおと,,,,,,,,,,
463,524,それでも僕らは歌うことをやめない,それでもぼくらはうたうことをやめない,そ,98.2,106,1_L/n,2D,2024/09/20,,8,13,18,26,30,,,,,それうた,,,,,,,,,,
464,527,Unpoison,あんぽいずん,あ,122,113,0_VS,-,2024/09/24,,5,12,17,23,28,,,,,うｎ,うんｐ,うんぽいｓ,うんぽいそｎ,,,,,,,
465,489,熱風,ねっぷう,ね,112.6,110,9_oth,3D,2024/09/30,,8,13,16,23,29,31,,,,もざいくろおる,,,,,,,,,,
466,477,モザイクロール (Reloaded),もざいくろーるりろーでっど,も,124.5,114,1_L/n,3D,2024/10/01,,6,13,17,24,29,,,,,もざいくろおる,,,,,,,,,,
467,531,メズマライザー,めずまらいざー,め,126.2,114,0_VS,原曲,2024/10/02,,8,13,20,26,31,,,,,めずまらいざあ,,,,,,,,,,
468,511,如月アテンション,きさらぎあてんしょん,き,118.1,112,2_MMJ,-,2024/10/03,,8,13,18,25,29,,,,,,,,,,,,,,,
469,541,メインキャラクター,めいんきゃらくたー,め,115.2,112,0_VS,原曲,2024/10/04,,8,12,17,25,29,,,,,めいんきゃらくたあ,,,,,,,,,,
470,505,コールボーイ,こーるぼーい,こ,124.1,114,3_VBS,-,2024/10/05,,6,13,17,25,29,,,,,こおるぼおい,,,,,,,,,,
471,523,きみとぼくのレゾナンス,きみとぼくのれぞなんす,き,132.5,116,0_VS,原曲,2024/10/06,,7,13,16,24,28,,,,,れぞなんす,,,,,,,,,,
472,533,転生林檎,てんせいりんご,て,113.5,111,4_WxS,原曲,2024/10/07,,6,12,20,25,29,,,,,,,,,,,,,,,
473,542,Blackjack,ぶらっくじゃっく,ふ,129.8,116,0_VS,-,2024/10/08,,6,13,17,25,31,,,,,ｂぁｃｋｊ,ｂぁｃｋじゃｃｋ,,,,,,,,,
474,476,Shadow Shadow,しゃどーしゃどー,し,129.5,115,5_25,3D,2024/10/09,,6,12,16,23,27,,,,,しゃｄ,しゃどｗｓｈ,しゃどｗしゃｄ,しゃどｗしゃどｗ,,,,,,,
475,543,生命性シンドロウム,せいめいせいしんどろうむ,せ,132.6,116,0_VS,原曲,2024/10/10,,9,14,20,29,33,36,,,,しんどろうむ,,,,,,,,,,
476,549,化けの花,ばけのはな,は,117.9,112,5_25,2D,2024/10/12,,8,13,18,27,31,,,,,,,,,,,,,,,
477,530,キャットフード,きゃっとふーど,き,121.9,114,2_MMJ,原曲,2024/10/15,,7,12,17,24,28,,,,,きゃっとふうど,,,,,,,,,,
478,488,メモリア,めもりあ,め,159.9,124,0_VS,-,2024/10/21,,9,15,23,31,34,37,,,,,,,,,,,,,,
479,545,脳天,のうてん,の,115.9,112,0_VS,-,2024/10/28,,7,12,17,23,27,,,,,,,,,,,,,,,
480,478,フューエル,ふゅーえる,ふ,102.3,108,3_VBS,2D/3D,2024/10/29,,7,13,17,25,29,,,,,ふゆーえる,ふゆうえる,,,,,,,,,
481,546,その音が鳴るなら,そのおとがなるなら,そ,110.5,110,1_L/n,2D,2024/10/31,,9,13,18,25,29,,,,,,,,,,,,,,,
482,544,妄想アスパルテーム,もうそうあすてるぱーむ,も,119.1,112,2_MMJ,原曲,2024/11/05,,7,12,17,25,30,,,,,あすてるぱーむ,あすてるぱあむ,,,,,,,,,
483,491,キャットラビング,きゃっとらびんぐ,き,117.5,112,5_25,3D,2024/11/13,,7,12,17,25,30,,,,,,,,,,,,,,,
484,548,ぼくのかみさま,ぼくのかみさま,ほ,124,114,4_WxS,2D,2024/11/20,,6,13,17,24,28,27,,,,,,,,,,,,,,
485,553,パリィ,ぱりぃ,は,124.1,114,0_VS,-,2024/11/25,,6,12,18,27,31,,,,,,,,,,,,,,,
486,518,みかぼし,みかぼし,み,131.1,116,0_VS,-,2024/12/02,,7,12,17,24,30,,,,,,,,,,,,,,,
487,500,余花にみとれて,よかにみとれて,よ,130.4,114,5_25,2D/3D,2024/12/09,,5,11,15,21,25,,,,,,,,,,,,,,,
488,569,シークレット・シーカー,しーくれっとしーかー,し,114.5,111,0_VS,-,2024/12/16,,8,13,18,26,30,,,,,,,,,,,,,,,
489,498,はしる! とおく! とどく!,はしるとおくとどく,は,109,109,2_MMJ,2D/3D,2024/12/19,,8,13,17,25,29,,,,,はとと,,,,,,,,,,
490,557,花溺れ,はなおぼれ,は,126.2,114,3_VBS,-,2024/12/23,,6,12,17,26,29,,,,,,,,,,,,,,,
491,573,はじまりの未来,はじまりのみらい,は,134.4,116,0_VS,2D,2024/12/28,,7,12,17,24,28,,,,,,,,,,,,,,,
492,499,混沌ブギ,こんとんぶぎ,こ,124.1,114,4_WxS,3D,2024/12/29,,9,14,19,25,30,33,,,,,,,,,,,,,,
493,562,アンヘル,あんへる,あ,124.8,114,0_VS,-,2024/12/30,,8,12,19,27,31,33,,,,,,,,,,,,,,
494,561,プロトディスコ,ぷろとでぃすこ,ふ,129.4,116,0_VS,-,2024/12/31,,6,12,18,26,32,34,,,,,,,,,,,,,,
495,513,CH4NGE,ちぇんじ,ち,135.1,117,3_VBS,原曲,2025/01/01,,6,11,17,24,28,,,,,ちぇいんじ,,,,,,,,,,
496,554,snooze,すぬーず,す,126.9,115,2_MMJ,-,2025/01/02,,7,13,19,26,32,33,,,,ｓのおｚ,ｓのおぜ,,,,,,,,,
497,534,ワールド・ランプシェード [reunion],わーるどらんぷしぇーどれゆにおん,わ,128.9,114,1_L/n,原曲,2025/01/03,,8,14,18,25,30,,,,,わんぷしぇーど,,,,,,,,,,
498,558,のだ,のだ,の,121.1,113,0_VS,原曲,2025/01/04,,6,12,18,25,30,33,,,,,,,,,,,,,,
499,556,サイハテ,さいはて,さ,130.5,116,5_25,原曲,2025/01/05,,6,12,17,23,28,,,,,,,,,,,,,,,
500,484,Henceforth,へんすふぉーす,へ,126.3,115,1_L/n,3D,2025/01/10,,7,12,18,25,29,,,,,へｎ,へんｃ,へんせｆ,へんせふぉｒｔｈ,,,,,,,
501,581,厨病激発ボーイ,ちゅうびょうげきはつぼーい,ち,131.3,116,4_WxS,-,2025/01/14,,9,13,19,27,32,,,,,,,,,,,,,,,
502,508,ヘイヴン,へいゔん,へ,116.5,112,3_VBS,2D/3D,2025/01/19,,7,12,19,26,30,,,,,へいぶん,,,,,,,,,,
503,565,夏に透明,なつにとうめい,な,121.3,112,0_VS,-,2025/01/21,,6,13,17,24,28,,,,,,,,,,,,,,,
504,566,パンダヒーロー,ぱんだーひーろー,は,100.5,106,0_VS,-,2025/01/22,,8,13,18,24,30,,,,,,,,,,,,,,,
505,567,結ンデ開イテ羅刹ト骸,むすんでひらいてらせつとむくろ,む,130.5,115,0_VS,-,2025/01/23,,7,13,18,24,29,,,,,らせつとむくろ,,,,,,,,,,
506,576,ファイアダンス,ふぁいあだんす,ふ,91.5,104,3_VBS,2D,2025/01/25,,6,12,18,25,29,,,,,,,,,,,,,,,
507,564,そこに在る、光。,そこにあるひかり,そ,96.5,106,5_25,2D,2025/01/28,,6,12,16,22,27,,,,,,,,,,,,,,,
508,579,Worlders,わーるだーず,わ,132.9,116,9_oth,2D,2025/01/29,,7,13,18,24,28,,,,,をｒｌｄ,をｒｌでｒｓ,,,,,,,,,
509,575,FUN!!,ふぁん,ふ,95.5,105,2_MMJ,2D,2025/01/31,,8,13,17,25,29,,,,,ふｎ,,,,,,,,,,
510,547,終焉逃避行,しゅうえんとうひこう,し,100,106,1_L/n,-,2025/02/01,,6,12,18,25,29,,,,,とうひこう,,,,,,,,,,
511,577,スマイル*シンフォニー,すまいるしんふぉにー,す,94.2,106,4_WxS,-,2025/02/03,,5,12,17,24,28,,,,,すましん,,,,,,,,,,
512,574,SToRY,すとーりー,す,96.9,105,1_L/n,-,2025/02/06,,8,13,18,25,29,,,,,ｓとｒｙ,すとおりい,,,,,,,,,
513,593,クリスタルスノウ,くりすたるすのう,く,104.8,108,0_VS,原曲,2025/02/08,,6,12,17,23,26,,,,,,,,,,,,,,,
514,578,ハローセカイ,はろーせかい,は,105.2,108,0_VS,2D,2025/02/09,,7,12,17,24,28,,,,,はろおせかい,,,,,,,,,,
515,582,アンチユー,あんちゆー,あ,119.5,112,2_MMJ,2D,2025/02/10,,6,12,17,24,28,,,,,あんちゆう,,,,,,,,,,
516,587,ルルブ,るるぶ,る,124.6,114,0_VS,-,2025/02/12,,9,14,18,27,31,,,,,るるぶ,,,,,,,,,,
517,555,フュージョン,ふゅーじょん,ふ,123.7,114,9_oth,2D,2025/02/15,,8,13,18,27,30,34,,,,ふゅうじょん,ひゅーじょん,ひゅうじょん,,,,,,,,
518,490,ルーマー,るーまー,る,123,114,3_VBS,3D,2025/02/21,,6,12,16,24,28,,,,,るうまあ,,,,,,,,,,
519,536,Fire◎Flower (Rerec),ふぁいあーふらわーりれっく,ふ,103.9,108,9_oth,2D/3D,2025/03/02,,8,13,17,25,29,,,,,ふぃｒ,ふぃれｆｌ,ふぃれｆぉｗ,ふぃれｆぉうぇｒ,ふぃれｆぉうぇっｒ,ふぃれｆぉうぇっれｒ,ふぃれｆぉうぇっれれｃ,,,,
520,580,三日月ステップ,みかづきすてっぷ,み,122.2,113,3_VBS,原曲,2025/03/03,,7,12,17,25,28,,,,,みかずきすてっぷ,,,,,,,,,,
521,521,オーバーライド,おーばーらいど,お,120.1,112,2_MMJ,3D,2025/03/07,,9,14,18,26,31,,,,,おおばあらいど,,,,,,,,,,
522,604,Packaged,ぱっけーじど,は,128.8,115,0_VS,-,2025/03/09,,6,12,16,22,26,,,,,ぱｃｋ,ぱｃかｇ,ぱｃかげｄ,,,,,,,,
523,509,ライアーダンサー,らいあーだんさー,ら,123.1,113,4_WxS,3D,2025/03/10,,7,12,18,26,31,,,,,らいああだんさあ,,,,,,,,,,
524,588,プラネットヒーロー,ぷらねっとひーろー,ふ,121.1,112,0_VS,-,2025/03/14,,9,13,19,28,33,,,,,ぷらねっとひいろお,,,,,,,,,,
525,520,透明エレジー,とうめいえれじー,と,122.9,114,1_L/n,3D,2025/03/17,,9,12,17,25,30,,,,,とうめいえれじい,,,,,,,,,,
